filename,interestingness
0M3rGNWZTlk#_00002,0
0M3rGNWZTlk#_00004,1
0M3rGNWZTlk#_00005,0
0M3rGNWZTlk#_00006,0
0M3rGNWZTlk#_00007,0
0M3rGNWZTlk#_00008,2
0M3rGNWZTlk#_00009,2
0M3rGNWZTlk#_00010,0
0M3rGNWZTlk#_00011,0
0M3rGNWZTlk#_00012,0
0M3rGNWZTlk#_00013,0
0M3rGNWZTlk#_00014,0
0M3rGNWZTlk#_00015,0
0M3rGNWZTlk#_00016,0
0M3rGNWZTlk#_00017,2
0M3rGNWZTlk#_00019,2
0M3rGNWZTlk#_00020,2
0M3rGNWZTlk#_00022,3
0M3rGNWZTlk#_00023,1
0M3rGNWZTlk#_00024,3
0M3rGNWZTlk#_00025,0
0M3rGNWZTlk#_00026,0
0M3rGNWZTlk#_00027,0
0M3rGNWZTlk#_00029,2
0M3rGNWZTlk#_00030,0
0M3rGNWZTlk#_00031,3
0M3rGNWZTlk#_00032,3
0M3rGNWZTlk#_00033,3
1h4njEh8n-g#_00010,0
1h4njEh8n-g#_00012,0
1h4njEh8n-g#_00013,1
1h4njEh8n-g#_00014,1
1h4njEh8n-g#_00015,0
1h4njEh8n-g#_00016,0
1h4njEh8n-g#_00017,1
1h4njEh8n-g#_00018,1
1h4njEh8n-g#_00019,2
1h4njEh8n-g#_00020,2
1h4njEh8n-g#_00021,2
1h4njEh8n-g#_00022,0
1h4njEh8n-g#_00023,3
1h4njEh8n-g#_00024,0
3a6YnSXQJCQ#_00002,0
3a6YnSXQJCQ#_00003,0
3a6YnSXQJCQ#_00004,2
3a6YnSXQJCQ#_00005,0
3a6YnSXQJCQ#_00006,0
3a6YnSXQJCQ#_00008,0
3a6YnSXQJCQ#_00009,0
3a6YnSXQJCQ#_00010,0
3a6YnSXQJCQ#_00011,0
3a6YnSXQJCQ#_00012,0
3a6YnSXQJCQ#_00013,0
6HRpwB5n_Zk#_00020,0
6HRpwB5n_Zk#_00021,0
6HRpwB5n_Zk#_00024,0
6HRpwB5n_Zk#_00027,0
6HRpwB5n_Zk#_00029,0
6HRpwB5n_Zk#_00032,0
6HRpwB5n_Zk#_00033,1
6HRpwB5n_Zk#_00035,0
6HRpwB5n_Zk#_00038,0
6HRpwB5n_Zk#_00041,2
6HRpwB5n_Zk#_00044,0
6HRpwB5n_Zk#_00045,0
6HRpwB5n_Zk#_00047,0
8RaIRsedfAU#_00001,0
8RaIRsedfAU#_00011,0
8RaIRsedfAU#_00012,0
8RaIRsedfAU#_00013,0
8RaIRsedfAU#_00014,0
8RaIRsedfAU#_00015,0
8RaIRsedfAU#_00016,0
8RaIRsedfAU#_00017,0
8RaIRsedfAU#_00018,2
8RaIRsedfAU#_00020,2
8RaIRsedfAU#_00021,3
8RaIRsedfAU#_00022,3
8RaIRsedfAU#_00023,2
8RaIRsedfAU#_00024,0
8RaIRsedfAU#_00025,0
8RaIRsedfAU#_00026,2
8RaIRsedfAU#_00027,3
8RaIRsedfAU#_00028,1
8RPu9YVMquQ#_00001,0
8RPu9YVMquQ#_00002,0
8RPu9YVMquQ#_00006,0
8RPu9YVMquQ#_00008,0
8RPu9YVMquQ#_00009,0
8RPu9YVMquQ#_00010,0
8RPu9YVMquQ#_00011,2
8RPu9YVMquQ#_00012,0
8RPu9YVMquQ#_00013,0
8RPu9YVMquQ#_00014,0
8RPu9YVMquQ#_00015,1
8RPu9YVMquQ#_00017,1
8RPu9YVMquQ#_00018,3
8RPu9YVMquQ#_00019,3
8RPu9YVMquQ#_00020,2
8RPu9YVMquQ#_00021,2
8RPu9YVMquQ#_00022,0
8RPu9YVMquQ#_00023,0
8RPu9YVMquQ#_00024,0
8RPu9YVMquQ#_00025,0
8RPu9YVMquQ#_00026,2
8RPu9YVMquQ#_00027,2
8RPu9YVMquQ#_00028,2
8RPu9YVMquQ#_00029,0
8RPu9YVMquQ#_00030,2
8RPu9YVMquQ#_00031,0
8RPu9YVMquQ#_00032,0
8RPu9YVMquQ#_00035,0
8RPu9YVMquQ#_00036,0
8RPu9YVMquQ#_00037,0
8RPu9YVMquQ#_00038,0
8RPu9YVMquQ#_00039,0
8RPu9YVMquQ#_00040,0
8RPu9YVMquQ#_00041,0
8RPu9YVMquQ#_00042,2
8RPu9YVMquQ#_00043,2
_W629Muovp4#_00002,0
_W629Muovp4#_00003,0
_W629Muovp4#_00004,0
_W629Muovp4#_00005,0
_W629Muovp4#_00006,0
_W629Muovp4#_00007,0
_W629Muovp4#_00008,0
_W629Muovp4#_00009,0
_W629Muovp4#_00010,0
_W629Muovp4#_00011,3
_W629Muovp4#_00012,2
_W629Muovp4#_00013,0
AkrkZWdchbc#_00002,0
AkrkZWdchbc#_00003,0
AkrkZWdchbc#_00004,0
AkrkZWdchbc#_00005,2
AkrkZWdchbc#_00006,0
AkrkZWdchbc#_00007,0
AkrkZWdchbc#_00008,0
AkrkZWdchbc#_00009,0
AkrkZWdchbc#_00010,0
AkrkZWdchbc#_00011,0
AkrkZWdchbc#_00012,0
AkrkZWdchbc#_00013,1
AkrkZWdchbc#_00014,0
AkrkZWdchbc#_00015,2
AkrkZWdchbc#_00016,2
AkrkZWdchbc#_00017,0
AkrkZWdchbc#_00018,0
AkrkZWdchbc#_00021,0
AkrkZWdchbc#_00022,0
AkrkZWdchbc#_00025,2
AkrkZWdchbc#_00026,2
AkrkZWdchbc#_00027,0
AkrkZWdchbc#_00028,2
AkrkZWdchbc#_00029,3
AkXNtQA41Ho#_00011,0
AkXNtQA41Ho#_00012,0
AkXNtQA41Ho#_00013,0
AkXNtQA41Ho#_00014,0
AkXNtQA41Ho#_00015,1
AkXNtQA41Ho#_00017,2
AkXNtQA41Ho#_00019,0
AkXNtQA41Ho#_00022,2
AkXNtQA41Ho#_00023,2
AkXNtQA41Ho#_00025,2
AkXNtQA41Ho#_00026,2
AkXNtQA41Ho#_00027,2
AkXNtQA41Ho#_00028,1
AkXNtQA41Ho#_00029,0
b3d5NQojLZA#_00016,0
b3d5NQojLZA#_00017,0
b3d5NQojLZA#_00018,0
b3d5NQojLZA#_00019,2
b3d5NQojLZA#_00020,3
b3d5NQojLZA#_00024,1
b3d5NQojLZA#_00025,0
b3d5NQojLZA#_00026,2
b3d5NQojLZA#_00027,0
BaJCFzJIiYg#_00005,0
BaJCFzJIiYg#_00006,0
BaJCFzJIiYg#_00007,0
BaJCFzJIiYg#_00008,0
BaJCFzJIiYg#_00009,0
BaJCFzJIiYg#_00010,0
BaJCFzJIiYg#_00011,1
BaJCFzJIiYg#_00014,0
BaJCFzJIiYg#_00016,1
BaJCFzJIiYg#_00017,0
CxOYqINyYy4#_00001,0
CxOYqINyYy4#_00002,0
CxOYqINyYy4#_00003,0
CxOYqINyYy4#_00004,0
CxOYqINyYy4#_00006,0
CxOYqINyYy4#_00012,0
CxOYqINyYy4#_00013,0
CxOYqINyYy4#_00015,0
CxOYqINyYy4#_00016,0
CxOYqINyYy4#_00017,0
CxOYqINyYy4#_00019,0
CxOYqINyYy4#_00020,0
CxOYqINyYy4#_00021,3
d12CT3bBljY#_00003,0
d12CT3bBljY#_00004,0
d12CT3bBljY#_00006,0
d12CT3bBljY#_00007,0
d12CT3bBljY#_00008,0
d12CT3bBljY#_00009,2
d12CT3bBljY#_00010,0
d12CT3bBljY#_00011,0
d12CT3bBljY#_00012,1
d12CT3bBljY#_00013,2
d12CT3bBljY#_00014,0
d12CT3bBljY#_00015,0
d12CT3bBljY#_00016,0
d12CT3bBljY#_00017,0
d12CT3bBljY#_00018,0
d12CT3bBljY#_00021,0
d12CT3bBljY#_00022,0
d12CT3bBljY#_00023,4
d12CT3bBljY#_00024,0
d12CT3bBljY#_00025,0
d12CT3bBljY#_00026,0
d12CT3bBljY#_00027,1
d12CT3bBljY#_00028,0
d12CT3bBljY#_00029,2
d12CT3bBljY#_00030,4
dbPV8qA-Amc#_00016,0
dbPV8qA-Amc#_00017,2
dbPV8qA-Amc#_00018,0
dbPV8qA-Amc#_00019,0
dbPV8qA-Amc#_00020,0
dbPV8qA-Amc#_00022,2
dbPV8qA-Amc#_00027,1
dbPV8qA-Amc#_00029,0
dbPV8qA-Amc#_00030,2
dbPV8qA-Amc#_00036,0
dbPV8qA-Amc#_00039,0
dbPV8qA-Amc#_00041,2
dbPV8qA-Amc#_00053,3
DJplNO8bfEA#_00004,0
DJplNO8bfEA#_00005,0
DJplNO8bfEA#_00006,0
DJplNO8bfEA#_00007,0
DJplNO8bfEA#_00008,0
DJplNO8bfEA#_00010,0
DJplNO8bfEA#_00011,0
DJplNO8bfEA#_00012,3
DJplNO8bfEA#_00013,3
DJplNO8bfEA#_00014,2
DJplNO8bfEA#_00017,0
DJplNO8bfEA#_00018,0
DJplNO8bfEA#_00019,0
DJplNO8bfEA#_00020,0
DJplNO8bfEA#_00021,0
DJplNO8bfEA#_00022,0
DJplNO8bfEA#_00023,0
DJplNO8bfEA#_00024,0
DJplNO8bfEA#_00025,2
DJplNO8bfEA#_00027,0
DJplNO8bfEA#_00028,2
DJplNO8bfEA#_00029,0
DJplNO8bfEA#_00030,0
DJplNO8bfEA#_00031,0
DJplNO8bfEA#_00032,3
DJplNO8bfEA#_00033,3
DJrcCsFn_no#_00005,0
DJrcCsFn_no#_00006,0
DJrcCsFn_no#_00007,2
DJrcCsFn_no#_00008,0
DJrcCsFn_no#_00009,2
DJrcCsFn_no#_00010,0
DJrcCsFn_no#_00011,3
DJrcCsFn_no#_00012,0
DJrcCsFn_no#_00013,0
DJrcCsFn_no#_00015,2
DJrcCsFn_no#_00016,1
DJrcCsFn_no#_00018,2
DJrcCsFn_no#_00019,3
DJrcCsFn_no#_00020,2
DJrcCsFn_no#_00022,1
DJrcCsFn_no#_00023,2
DJrcCsFn_no#_00024,2
DJrcCsFn_no#_00025,0
DJrcCsFn_no#_00026,0
DJrcCsFn_no#_00027,0
DJrcCsFn_no#_00028,1
DJrcCsFn_no#_00029,2
DJrcCsFn_no#_00030,2
DJrcCsFn_no#_00031,2
DJrcCsFn_no#_00035,3
dwNg0522gy0#_00003,0
dwNg0522gy0#_00004,0
dwNg0522gy0#_00005,0
dwNg0522gy0#_00006,0
dwNg0522gy0#_00007,0
dwNg0522gy0#_00008,0
dwNg0522gy0#_00009,0
dwNg0522gy0#_00010,0
dwNg0522gy0#_00012,4
dwNg0522gy0#_00013,0
dwNg0522gy0#_00014,3
dwNg0522gy0#_00015,0
dwNg0522gy0#_00016,3
dwNg0522gy0#_00017,0
dY_727VOgmg#_00001,0
dY_727VOgmg#_00002,0
dY_727VOgmg#_00003,0
dY_727VOgmg#_00004,1
dY_727VOgmg#_00005,1
dY_727VOgmg#_00006,0
dY_727VOgmg#_00007,0
dY_727VOgmg#_00008,2
dY_727VOgmg#_00009,0
dY_727VOgmg#_00010,1
dY_727VOgmg#_00011,3
dY_727VOgmg#_00012,4
dY_727VOgmg#_00013,2
dY_727VOgmg#_00014,0
dY_727VOgmg#_00015,2
dY_727VOgmg#_00016,4
dY_727VOgmg#_00017,3
dY_727VOgmg#_00019,0
dY_727VOgmg#_00020,0
dY_727VOgmg#_00021,1
dY_727VOgmg#_00023,0
dY_727VOgmg#_00025,0
dY_727VOgmg#_00026,0
dY_727VOgmg#_00027,2
dY_727VOgmg#_00028,2
dY_727VOgmg#_00029,4
dY_727VOgmg#_00030,3
e0kYiSGqwkI#_00012,0
e0kYiSGqwkI#_00013,0
e0kYiSGqwkI#_00014,0
e0kYiSGqwkI#_00016,3
e0kYiSGqwkI#_00017,2
e0kYiSGqwkI#_00018,0
e0kYiSGqwkI#_00019,0
e0kYiSGqwkI#_00020,0
e0kYiSGqwkI#_00021,0
e0kYiSGqwkI#_00022,0
e0kYiSGqwkI#_00023,2
e0kYiSGqwkI#_00024,1
e0kYiSGqwkI#_00027,2
e0kYiSGqwkI#_00030,0
e0kYiSGqwkI#_00031,0
e0kYiSGqwkI#_00032,0
e0kYiSGqwkI#_00033,0
e0kYiSGqwkI#_00034,0
e0kYiSGqwkI#_00038,0
e0kYiSGqwkI#_00039,3
e0kYiSGqwkI#_00040,3
e0kYiSGqwkI#_00041,2
e0kYiSGqwkI#_00042,0
e0kYiSGqwkI#_00043,2
e0kYiSGqwkI#_00044,1
e0kYiSGqwkI#_00045,0
E6-eS_s2NNE#_00002,0
E6-eS_s2NNE#_00003,0
E6-eS_s2NNE#_00004,2
E6-eS_s2NNE#_00005,0
E6-eS_s2NNE#_00006,2
E6-eS_s2NNE#_00007,0
E6-eS_s2NNE#_00008,0
E6-eS_s2NNE#_00009,0
EbyzpHgcDho#_00001,0
EbyzpHgcDho#_00002,0
EbyzpHgcDho#_00003,0
EbyzpHgcDho#_00004,2
EbyzpHgcDho#_00006,0
EbyzpHgcDho#_00007,3
EbyzpHgcDho#_00008,1
EbyzpHgcDho#_00009,0
EbyzpHgcDho#_00010,2
EbyzpHgcDho#_00011,3
EbyzpHgcDho#_00013,0
EbyzpHgcDho#_00014,2
EbyzpHgcDho#_00015,1
EbyzpHgcDho#_00016,1
EbyzpHgcDho#_00017,1
EbyzpHgcDho#_00018,0
EbyzpHgcDho#_00019,0
EbyzpHgcDho#_00020,0
EbyzpHgcDho#_00021,3
EbyzpHgcDho#_00022,2
EbyzpHgcDho#_00023,1
EbyzpHgcDho#_00026,0
EbyzpHgcDho#_00027,0
EbyzpHgcDho#_00029,2
EbyzpHgcDho#_00030,2
EbyzpHgcDho#_00031,2
EbyzpHgcDho#_00032,0
EbyzpHgcDho#_00033,0
ERtUPd19z1M#_00008,0
ERtUPd19z1M#_00009,0
ERtUPd19z1M#_00010,0
ERtUPd19z1M#_00012,0
ERtUPd19z1M#_00013,0
ERtUPd19z1M#_00015,2
ERtUPd19z1M#_00016,3
ERtUPd19z1M#_00017,4
ERtUPd19z1M#_00020,0
ERtUPd19z1M#_00021,0
ERtUPd19z1M#_00026,0
gCoTWmtYL1s#_00019,0
gCoTWmtYL1s#_00020,0
gCoTWmtYL1s#_00021,0
gCoTWmtYL1s#_00022,1
gCoTWmtYL1s#_00023,1
gCoTWmtYL1s#_00024,0
gCoTWmtYL1s#_00025,0
gCoTWmtYL1s#_00026,0
gCoTWmtYL1s#_00027,0
gCoTWmtYL1s#_00028,2
gCoTWmtYL1s#_00029,1
gCoTWmtYL1s#_00030,2
gCoTWmtYL1s#_00031,0
gCoTWmtYL1s#_00032,0
gCoTWmtYL1s#_00034,0
gCoTWmtYL1s#_00035,3
gCoTWmtYL1s#_00039,1
gCoTWmtYL1s#_00040,0
gCoTWmtYL1s#_00041,0
gCoTWmtYL1s#_00042,0
gCoTWmtYL1s#_00043,0
gCoTWmtYL1s#_00044,1
gCoTWmtYL1s#_00045,0
gCoTWmtYL1s#_00046,3
gCoTWmtYL1s#_00049,0
gCoTWmtYL1s#_00050,2
gCoTWmtYL1s#_00053,2
gCoTWmtYL1s#_00054,3
gCoTWmtYL1s#_00055,0
gCoTWmtYL1s#_00056,4
gCoTWmtYL1s#_00057,3
gCoTWmtYL1s#_00058,2
gCoTWmtYL1s#_00060,3
gCoTWmtYL1s#_00062,0
gCoTWmtYL1s#_00063,0
gCoTWmtYL1s#_00064,0
gCoTWmtYL1s#_00065,0
gCoTWmtYL1s#_00066,0
gCoTWmtYL1s#_00069,0
gCoTWmtYL1s#_00071,2
gCoTWmtYL1s#_00072,0
gCoTWmtYL1s#_00073,0
gCoTWmtYL1s#_00075,2
gCoTWmtYL1s#_00076,1
gCoTWmtYL1s#_00078,0
gCoTWmtYL1s#_00079,0
gCoTWmtYL1s#_00092,3
GL5Z2fAgx0k#_00002,0
GL5Z2fAgx0k#_00003,0
GL5Z2fAgx0k#_00004,1
GL5Z2fAgx0k#_00005,0
GL5Z2fAgx0k#_00006,0
GL5Z2fAgx0k#_00007,0
GL5Z2fAgx0k#_00008,2
GL5Z2fAgx0k#_00009,3
HJPfDtdLtlI#_00001,0
HJPfDtdLtlI#_00005,0
HJPfDtdLtlI#_00006,0
HJPfDtdLtlI#_00007,0
HJPfDtdLtlI#_00008,0
HJPfDtdLtlI#_00009,0
HJPfDtdLtlI#_00010,3
HJPfDtdLtlI#_00011,3
HJPfDtdLtlI#_00012,3
HJPfDtdLtlI#_00013,3
HJPfDtdLtlI#_00016,0
HJPfDtdLtlI#_00017,0
HJPfDtdLtlI#_00018,0
HJPfDtdLtlI#_00019,0
HJPfDtdLtlI#_00020,0
HJPfDtdLtlI#_00021,1
HJPfDtdLtlI#_00022,0
HJPfDtdLtlI#_00023,0
HJPfDtdLtlI#_00024,0
HJPfDtdLtlI#_00025,4
HJPfDtdLtlI#_00027,0
HJPfDtdLtlI#_00029,0
HJPfDtdLtlI#_00030,0
HJPfDtdLtlI#_00033,0
HJPfDtdLtlI#_00034,4
HJPfDtdLtlI#_00039,0
HJPfDtdLtlI#_00041,1
HJPfDtdLtlI#_00042,0
HJPfDtdLtlI#_00043,0
HJPfDtdLtlI#_00044,0
HJPfDtdLtlI#_00045,1
HJPfDtdLtlI#_00046,2
HJPfDtdLtlI#_00047,2
i9oGxKMiE_8#_00003,1
i9oGxKMiE_8#_00004,1
i9oGxKMiE_8#_00005,2
i9oGxKMiE_8#_00006,2
i9oGxKMiE_8#_00007,0
IDJKYpmNY88#_00001,0
IDJKYpmNY88#_00002,0
IDJKYpmNY88#_00003,0
IDJKYpmNY88#_00005,0
IDJKYpmNY88#_00006,0
IDJKYpmNY88#_00008,0
IDJKYpmNY88#_00009,0
IDJKYpmNY88#_00010,0
IDJKYpmNY88#_00011,2
IDJKYpmNY88#_00012,1
IDJKYpmNY88#_00013,1
IDJKYpmNY88#_00014,1
IDJKYpmNY88#_00015,3
IDJKYpmNY88#_00016,2
IDJKYpmNY88#_00017,2
IDJKYpmNY88#_00019,0
IDJKYpmNY88#_00020,0
IDJKYpmNY88#_00021,0
IDJKYpmNY88#_00022,0
IDJKYpmNY88#_00023,0
IDJKYpmNY88#_00024,0
IDJKYpmNY88#_00025,0
IDJKYpmNY88#_00026,3
IDJKYpmNY88#_00027,2
IDJKYpmNY88#_00028,2
IDJKYpmNY88#_00029,0
IDJKYpmNY88#_00030,1
IDJKYpmNY88#_00032,3
IDJKYpmNY88#_00033,0
IDJKYpmNY88#_00035,0
IDJKYpmNY88#_00036,0
IDJKYpmNY88#_00037,1
IDJKYpmNY88#_00038,0
IDJKYpmNY88#_00039,2
IDJKYpmNY88#_00040,2
IDJKYpmNY88#_00041,2
IDJKYpmNY88#_00042,3
iDjY-AN6qqU#_00002,0
iDjY-AN6qqU#_00003,0
iDjY-AN6qqU#_00004,0
iDjY-AN6qqU#_00005,0
iDjY-AN6qqU#_00006,0
iDjY-AN6qqU#_00007,3
ihUedmzxGLQ#_00002,0
ihUedmzxGLQ#_00003,0
ihUedmzxGLQ#_00004,2
ihUedmzxGLQ#_00005,2
ihUedmzxGLQ#_00007,0
ihUedmzxGLQ#_00008,0
ihUedmzxGLQ#_00009,3
ihUedmzxGLQ#_00010,2
KIj9yFDbD9Y#_00002,0
KIj9yFDbD9Y#_00003,1
KIj9yFDbD9Y#_00004,2
KIj9yFDbD9Y#_00005,0
KIj9yFDbD9Y#_00006,0
KIj9yFDbD9Y#_00007,3
KIj9yFDbD9Y#_00009,0
KIj9yFDbD9Y#_00011,0
KIj9yFDbD9Y#_00013,0
KIj9yFDbD9Y#_00014,0
KIj9yFDbD9Y#_00016,2
kL9aoJSBTU4#_00002,0
kL9aoJSBTU4#_00003,1
kL9aoJSBTU4#_00004,0
kL9aoJSBTU4#_00005,0
kL9aoJSBTU4#_00007,2
kL9aoJSBTU4#_00008,2
kL9aoJSBTU4#_00009,2
kL9aoJSBTU4#_00010,2
kL9aoJSBTU4#_00011,0
kL9aoJSBTU4#_00012,0
kL9aoJSBTU4#_00013,2
kL9aoJSBTU4#_00014,3
KPx9Qj0f5KE#_00012,0
KPx9Qj0f5KE#_00013,0
KPx9Qj0f5KE#_00014,2
KPx9Qj0f5KE#_00015,0
KPx9Qj0f5KE#_00016,0
KPx9Qj0f5KE#_00018,2
KPx9Qj0f5KE#_00019,2
KPx9Qj0f5KE#_00020,2
KYZ2_INFAOc#_00001,0
KYZ2_INFAOc#_00002,0
KYZ2_INFAOc#_00003,0
KYZ2_INFAOc#_00004,1
KYZ2_INFAOc#_00005,2
KYZ2_INFAOc#_00007,2
KYZ2_INFAOc#_00008,0
KYZ2_INFAOc#_00009,2
KYZ2_INFAOc#_00010,0
KYZ2_INFAOc#_00011,2
KYZ2_INFAOc#_00012,0
KYZ2_INFAOc#_00013,0
KYZ2_INFAOc#_00014,0
KYZ2_INFAOc#_00015,0
KYZ2_INFAOc#_00016,2
KYZ2_INFAOc#_00017,0
KYZ2_INFAOc#_00018,2
KYZ2_INFAOc#_00019,2
KYZ2_INFAOc#_00020,3
KYZ2_INFAOc#_00022,3
LJs-EvfIwLs#_00015,0
LJs-EvfIwLs#_00016,1
LJs-EvfIwLs#_00017,0
LJs-EvfIwLs#_00018,0
LJs-EvfIwLs#_00019,0
LJs-EvfIwLs#_00020,0
LJs-EvfIwLs#_00021,2
LJs-EvfIwLs#_00027,0
LJs-EvfIwLs#_00029,0
LJs-EvfIwLs#_00030,0
LJs-EvfIwLs#_00031,2
LJs-EvfIwLs#_00032,0
LJs-EvfIwLs#_00035,3
LJs-EvfIwLs#_00036,0
LJs-EvfIwLs#_00037,3
LJs-EvfIwLs#_00038,2
LJs-EvfIwLs#_00039,2
LJs-EvfIwLs#_00040,1
LJs-EvfIwLs#_00041,1
LJs-EvfIwLs#_00042,0
LJs-EvfIwLs#_00043,2
LJs-EvfIwLs#_00044,1
LJs-EvfIwLs#_00047,1
LJs-EvfIwLs#_00049,4
LJs-EvfIwLs#_00053,0
LJs-EvfIwLs#_00054,0
LJs-EvfIwLs#_00057,0
LJs-EvfIwLs#_00058,0
LJs-EvfIwLs#_00059,2
LJs-EvfIwLs#_00064,2
LJs-EvfIwLs#_00066,2
LJs-EvfIwLs#_00067,3
LJs-EvfIwLs#_00068,0
LJs-EvfIwLs#_00070,0
LJs-EvfIwLs#_00071,3
LJs-EvfIwLs#_00073,2
LJs-EvfIwLs#_00074,3
LJs-EvfIwLs#_00075,2
LJs-EvfIwLs#_00078,1
LJs-EvfIwLs#_00079,4
LJs-EvfIwLs#_00081,4
LJs-EvfIwLs#_00082,3
LJs-EvfIwLs#_00083,3
lVwS-nqg7KA#_00012,0
lVwS-nqg7KA#_00013,0
lVwS-nqg7KA#_00014,0
lVwS-nqg7KA#_00015,3
lVwS-nqg7KA#_00017,0
lVwS-nqg7KA#_00018,0
lVwS-nqg7KA#_00019,0
lVwS-nqg7KA#_00024,0
lVwS-nqg7KA#_00025,0
lVwS-nqg7KA#_00026,2
lVwS-nqg7KA#_00028,0
lVwS-nqg7KA#_00029,2
lVwS-nqg7KA#_00031,2
lVwS-nqg7KA#_00032,3
lVwS-nqg7KA#_00033,3
lVwS-nqg7KA#_00034,3
lVwS-nqg7KA#_00035,3
M4CyQAJhn4U#_00017,2
M4CyQAJhn4U#_00018,0
M4CyQAJhn4U#_00019,0
M4CyQAJhn4U#_00020,0
M4CyQAJhn4U#_00022,0
M4CyQAJhn4U#_00023,0
M4CyQAJhn4U#_00024,0
M4CyQAJhn4U#_00025,2
M4CyQAJhn4U#_00026,0
M4CyQAJhn4U#_00027,0
M4CyQAJhn4U#_00028,4
M4CyQAJhn4U#_00029,4
M4CyQAJhn4U#_00031,3
M4CyQAJhn4U#_00032,3
M4CyQAJhn4U#_00033,3
M4CyQAJhn4U#_00035,4
M8D8nXH9EFE#_00002,0
M8D8nXH9EFE#_00003,0
M8D8nXH9EFE#_00004,0
M8D8nXH9EFE#_00005,0
M8D8nXH9EFE#_00006,0
M8D8nXH9EFE#_00008,0
M8D8nXH9EFE#_00009,2
M8D8nXH9EFE#_00011,0
M8D8nXH9EFE#_00012,1
M8D8nXH9EFE#_00013,0
M8D8nXH9EFE#_00014,0
M8D8nXH9EFE#_00015,2
M8D8nXH9EFE#_00016,0
mk-KPieUzK8#_00001,0
mk-KPieUzK8#_00002,0
mk-KPieUzK8#_00003,0
mk-KPieUzK8#_00004,2
mk-KPieUzK8#_00005,0
mk-KPieUzK8#_00006,0
mk-KPieUzK8#_00007,2
mk-KPieUzK8#_00008,2
mk-KPieUzK8#_00009,0
mk-KPieUzK8#_00010,1
mk-KPieUzK8#_00011,1
mk-KPieUzK8#_00012,1
mk-KPieUzK8#_00013,1
mk-KPieUzK8#_00014,2
mk-KPieUzK8#_00015,3
mk-KPieUzK8#_00016,0
mk-KPieUzK8#_00017,0
mk-KPieUzK8#_00018,0
mk-KPieUzK8#_00019,0
mk-KPieUzK8#_00020,0
mk-KPieUzK8#_00021,0
mk-KPieUzK8#_00023,0
MtEfiYjOF6w#_00007,0
MtEfiYjOF6w#_00008,1
MtEfiYjOF6w#_00009,0
MtEfiYjOF6w#_00011,0
MtEfiYjOF6w#_00012,0
MtEfiYjOF6w#_00013,2
N7WRNnAbkoE#_00002,0
N7WRNnAbkoE#_00004,0
N7WRNnAbkoE#_00006,0
N7WRNnAbkoE#_00008,0
N7WRNnAbkoE#_00009,2
N7WRNnAbkoE#_00010,0
N7WRNnAbkoE#_00011,0
N7WRNnAbkoE#_00012,2
N7WRNnAbkoE#_00013,2
N7WRNnAbkoE#_00014,3
N7WRNnAbkoE#_00015,3
N7WRNnAbkoE#_00016,3
N7WRNnAbkoE#_00017,4
N9jyKqVZdW0#_00002,0
N9jyKqVZdW0#_00003,0
N9jyKqVZdW0#_00004,2
N9jyKqVZdW0#_00005,2
N9jyKqVZdW0#_00006,2
N9jyKqVZdW0#_00007,1
N9jyKqVZdW0#_00008,0
N9jyKqVZdW0#_00009,2
N9jyKqVZdW0#_00011,3
Na6dNjJyliY#_00001,0
Na6dNjJyliY#_00002,0
Na6dNjJyliY#_00003,0
Na6dNjJyliY#_00004,0
Na6dNjJyliY#_00005,3
Na6dNjJyliY#_00006,0
Na6dNjJyliY#_00007,0
Na6dNjJyliY#_00008,2
Na6dNjJyliY#_00009,0
Na6dNjJyliY#_00010,0
Na6dNjJyliY#_00013,3
Na6dNjJyliY#_00014,3
Na6dNjJyliY#_00015,2
Na6dNjJyliY#_00016,3
Na6dNjJyliY#_00017,2
Na6dNjJyliY#_00018,0
Na6dNjJyliY#_00021,3
Na6dNjJyliY#_00022,3
Na6dNjJyliY#_00023,2
Na6dNjJyliY#_00024,1
Na6dNjJyliY#_00025,0
Na6dNjJyliY#_00027,0
Na6dNjJyliY#_00028,0
Na6dNjJyliY#_00029,0
nL7bXYKUkLg#_00001,0
nL7bXYKUkLg#_00002,0
nL7bXYKUkLg#_00003,0
nL7bXYKUkLg#_00004,0
nL7bXYKUkLg#_00005,0
nL7bXYKUkLg#_00006,0
nL7bXYKUkLg#_00007,3
nL7bXYKUkLg#_00008,2
nL7bXYKUkLg#_00010,1
nL7bXYKUkLg#_00011,2
nL7bXYKUkLg#_00012,1
nL7bXYKUkLg#_00013,2
nL7bXYKUkLg#_00014,3
nL7bXYKUkLg#_00015,2
nT9zzN4Ydhg#_00003,0
nT9zzN4Ydhg#_00004,2
nT9zzN4Ydhg#_00005,0
nT9zzN4Ydhg#_00006,2
nT9zzN4Ydhg#_00008,3
nT9zzN4Ydhg#_00009,3
nT9zzN4Ydhg#_00010,2
nT9zzN4Ydhg#_00011,2
nT9zzN4Ydhg#_00012,2
nT9zzN4Ydhg#_00013,3
nT9zzN4Ydhg#_00014,3
nT9zzN4Ydhg#_00015,0
nT9zzN4Ydhg#_00016,0
nT9zzN4Ydhg#_00017,2
pd78qW_iB2M#_00003,0
pd78qW_iB2M#_00004,0
pd78qW_iB2M#_00005,2
pd78qW_iB2M#_00006,0
pd78qW_iB2M#_00007,0
pd78qW_iB2M#_00008,3
QfQf3waoDoQ#_00010,0
QfQf3waoDoQ#_00012,0
0M3rGNWZTlk#_00003,0
0M3rGNWZTlk#_00018,1
0M3rGNWZTlk#_00021,1
0M3rGNWZTlk#_00028,0
6HRpwB5n_Zk#_00022,0
6HRpwB5n_Zk#_00023,0
6HRpwB5n_Zk#_00025,0
6HRpwB5n_Zk#_00026,0
6HRpwB5n_Zk#_00028,1
6HRpwB5n_Zk#_00031,0
6HRpwB5n_Zk#_00040,0
6HRpwB5n_Zk#_00042,0
6HRpwB5n_Zk#_00043,0
6HRpwB5n_Zk#_00046,3
6HRpwB5n_Zk#_00048,2
8RaIRsedfAU#_00019,3
8RPu9YVMquQ#_00003,0
8RPu9YVMquQ#_00004,1
8RPu9YVMquQ#_00005,0
8RPu9YVMquQ#_00016,0
8RPu9YVMquQ#_00033,2
8RPu9YVMquQ#_00034,0
_W629Muovp4#_00014,4
AkrkZWdchbc#_00019,2
AkrkZWdchbc#_00020,0
AkrkZWdchbc#_00023,2
AkrkZWdchbc#_00024,3
AkXNtQA41Ho#_00010,0
AkXNtQA41Ho#_00016,3
AkXNtQA41Ho#_00020,0
AkXNtQA41Ho#_00021,0
AkXNtQA41Ho#_00024,0
b3d5NQojLZA#_00014,0
b3d5NQojLZA#_00015,0
b3d5NQojLZA#_00029,0
BaJCFzJIiYg#_00015,0
CxOYqINyYy4#_00005,0
CxOYqINyYy4#_00008,0
CxOYqINyYy4#_00011,0
CxOYqINyYy4#_00014,1
CxOYqINyYy4#_00018,2
d12CT3bBljY#_00002,0
d12CT3bBljY#_00005,0
d12CT3bBljY#_00019,0
d12CT3bBljY#_00020,0
dbPV8qA-Amc#_00021,0
dbPV8qA-Amc#_00026,0
dbPV8qA-Amc#_00028,0
dbPV8qA-Amc#_00034,0
dbPV8qA-Amc#_00035,0
dbPV8qA-Amc#_00037,0
dbPV8qA-Amc#_00038,2
dbPV8qA-Amc#_00040,0
DJplNO8bfEA#_00009,0
DJplNO8bfEA#_00026,3
DJrcCsFn_no#_00003,0
DJrcCsFn_no#_00004,0
DJrcCsFn_no#_00014,3
DJrcCsFn_no#_00017,0
DJrcCsFn_no#_00021,0
dwNg0522gy0#_00011,0
dY_727VOgmg#_00018,0
dY_727VOgmg#_00022,0
dY_727VOgmg#_00024,0
e0kYiSGqwkI#_00015,2
e0kYiSGqwkI#_00025,2
e0kYiSGqwkI#_00035,0
e0kYiSGqwkI#_00036,0
e0kYiSGqwkI#_00037,3
e0kYiSGqwkI#_00060,3
EbyzpHgcDho#_00005,0
EbyzpHgcDho#_00028,0
ERtUPd19z1M#_00011,0
ERtUPd19z1M#_00014,0
ERtUPd19z1M#_00022,0
ERtUPd19z1M#_00023,0
ERtUPd19z1M#_00024,0
ERtUPd19z1M#_00025,0
ERtUPd19z1M#_00027,0
ERtUPd19z1M#_00028,3
ERtUPd19z1M#_00029,3
gCoTWmtYL1s#_00033,3
gCoTWmtYL1s#_00051,0
gCoTWmtYL1s#_00070,0
gCoTWmtYL1s#_00074,0
gCoTWmtYL1s#_00077,3
HJPfDtdLtlI#_00028,0
HJPfDtdLtlI#_00031,0
HJPfDtdLtlI#_00032,0
HJPfDtdLtlI#_00040,0
i9oGxKMiE_8#_00002,0
IDJKYpmNY88#_00004,0
IDJKYpmNY88#_00031,3
IDJKYpmNY88#_00034,0
KIj9yFDbD9Y#_00008,0
KIj9yFDbD9Y#_00012,0
KIj9yFDbD9Y#_00015,0
KIj9yFDbD9Y#_00017,3
KIj9yFDbD9Y#_00018,0
kL9aoJSBTU4#_00006,2
KPx9Qj0f5KE#_00017,0
KYZ2_INFAOc#_00006,0
LJs-EvfIwLs#_00014,0
LJs-EvfIwLs#_00022,2
LJs-EvfIwLs#_00023,3
LJs-EvfIwLs#_00028,0
LJs-EvfIwLs#_00033,2
LJs-EvfIwLs#_00034,2
LJs-EvfIwLs#_00048,1
LJs-EvfIwLs#_00050,2
LJs-EvfIwLs#_00055,0
LJs-EvfIwLs#_00060,0
LJs-EvfIwLs#_00061,0
LJs-EvfIwLs#_00062,2
LJs-EvfIwLs#_00063,0
LJs-EvfIwLs#_00065,1
LJs-EvfIwLs#_00069,1
LJs-EvfIwLs#_00072,2
LJs-EvfIwLs#_00076,3
LJs-EvfIwLs#_00077,3
LJs-EvfIwLs#_00080,2
lVwS-nqg7KA#_00010,0
lVwS-nqg7KA#_00011,1
lVwS-nqg7KA#_00016,0
lVwS-nqg7KA#_00020,3
lVwS-nqg7KA#_00027,0
lVwS-nqg7KA#_00030,0
M4CyQAJhn4U#_00016,0
M4CyQAJhn4U#_00030,0
M4CyQAJhn4U#_00034,2
M8D8nXH9EFE#_00007,0
M8D8nXH9EFE#_00010,0
mk-KPieUzK8#_00022,0
MtEfiYjOF6w#_00010,2
MtEfiYjOF6w#_00014,3
N7WRNnAbkoE#_00003,0
N7WRNnAbkoE#_00005,0
N7WRNnAbkoE#_00007,0
N9jyKqVZdW0#_00010,0
Na6dNjJyliY#_00011,0
Na6dNjJyliY#_00012,3
Na6dNjJyliY#_00019,0
Na6dNjJyliY#_00020,2
Na6dNjJyliY#_00026,3
nT9zzN4Ydhg#_00002,0
nT9zzN4Ydhg#_00007,0
nT9zzN4Ydhg#_00018,3
QfQf3waoDoQ#_00013,0
QfQf3waoDoQ#_00014,0
QfQf3waoDoQ#_00015,0
QfQf3waoDoQ#_00016,0
QfQf3waoDoQ#_00017,0
QfQf3waoDoQ#_00018,0
QfQf3waoDoQ#_00019,0
QfQf3waoDoQ#_00020,3
QfQf3waoDoQ#_00021,3
QfQf3waoDoQ#_00022,4
qQMH4uKVYbU#_00041,0
qQMH4uKVYbU#_00042,0
qQMH4uKVYbU#_00043,0
qQMH4uKVYbU#_00044,0
qQMH4uKVYbU#_00045,2
qQMH4uKVYbU#_00046,0
qQMH4uKVYbU#_00047,0
qQMH4uKVYbU#_00048,0
qQMH4uKVYbU#_00049,0
qQMH4uKVYbU#_00050,2
qQMH4uKVYbU#_00051,3
qQMH4uKVYbU#_00052,3
qQMH4uKVYbU#_00053,0
qQMH4uKVYbU#_00054,3
qQMH4uKVYbU#_00059,0
qQMH4uKVYbU#_00060,0
qQMH4uKVYbU#_00061,0
qQMH4uKVYbU#_00062,0
qQMH4uKVYbU#_00063,0
qQMH4uKVYbU#_00064,0
qQMH4uKVYbU#_00065,1
qQMH4uKVYbU#_00068,0
qQMH4uKVYbU#_00069,0
qQMH4uKVYbU#_00070,0
qQMH4uKVYbU#_00071,0
qQMH4uKVYbU#_00072,2
qQMH4uKVYbU#_00073,0
qQMH4uKVYbU#_00074,1
qQMH4uKVYbU#_00075,3
qQMH4uKVYbU#_00076,3
qQMH4uKVYbU#_00077,3
qQMH4uKVYbU#_00078,1
qQMH4uKVYbU#_00079,3
RlVGYHOxfYY#_00002,2
RlVGYHOxfYY#_00003,1
RlVGYHOxfYY#_00004,0
RlVGYHOxfYY#_00005,0
RlVGYHOxfYY#_00006,1
RlVGYHOxfYY#_00007,0
RlVGYHOxfYY#_00008,3
RlVGYHOxfYY#_00009,2
RlVGYHOxfYY#_00010,3
RlVGYHOxfYY#_00011,0
RlVGYHOxfYY#_00012,2
RlVGYHOxfYY#_00013,0
RlVGYHOxfYY#_00014,2
RlVGYHOxfYY#_00015,2
RlVGYHOxfYY#_00016,2
RlVGYHOxfYY#_00017,3
U2psRDuUKHQ#_00008,0
U2psRDuUKHQ#_00009,0
U2psRDuUKHQ#_00010,0
U2psRDuUKHQ#_00011,2
U2psRDuUKHQ#_00012,1
U2psRDuUKHQ#_00013,0
U2psRDuUKHQ#_00014,0
U2psRDuUKHQ#_00015,0
U2psRDuUKHQ#_00016,0
U2psRDuUKHQ#_00017,0
U2psRDuUKHQ#_00018,0
U2psRDuUKHQ#_00021,1
U2psRDuUKHQ#_00022,0
U2psRDuUKHQ#_00023,2
U2psRDuUKHQ#_00024,1
U2psRDuUKHQ#_00025,0
U2psRDuUKHQ#_00026,2
U2psRDuUKHQ#_00027,2
U2psRDuUKHQ#_00028,1
U2psRDuUKHQ#_00029,4
U2psRDuUKHQ#_00032,0
U2psRDuUKHQ#_00033,0
U2psRDuUKHQ#_00034,0
U2psRDuUKHQ#_00035,0
U2psRDuUKHQ#_00036,0
U2psRDuUKHQ#_00037,1
U2psRDuUKHQ#_00038,0
U2psRDuUKHQ#_00039,0
U2psRDuUKHQ#_00040,2
U2psRDuUKHQ#_00041,3
U2psRDuUKHQ#_00042,0
U2psRDuUKHQ#_00048,0
U2psRDuUKHQ#_00049,0
U2psRDuUKHQ#_00050,0
U2psRDuUKHQ#_00051,0
U2psRDuUKHQ#_00052,3
U2psRDuUKHQ#_00053,0
U2psRDuUKHQ#_00065,3
vaCB7MKPiFw#_00005,0
vaCB7MKPiFw#_00006,0
vaCB7MKPiFw#_00007,0
vaCB7MKPiFw#_00008,3
vaCB7MKPiFw#_00009,3
WQnZW5bVx3w#_00017,0
WQnZW5bVx3w#_00018,0
WQnZW5bVx3w#_00019,1
WQnZW5bVx3w#_00020,0
WQnZW5bVx3w#_00021,0
WQnZW5bVx3w#_00022,0
WQnZW5bVx3w#_00023,2
WQnZW5bVx3w#_00024,3
WQnZW5bVx3w#_00025,4
WQnZW5bVx3w#_00026,3
WQnZW5bVx3w#_00032,0
WQnZW5bVx3w#_00033,0
WQnZW5bVx3w#_00034,1
WQnZW5bVx3w#_00035,0
WQnZW5bVx3w#_00036,0
WQnZW5bVx3w#_00037,0
WQnZW5bVx3w#_00038,1
WQnZW5bVx3w#_00043,0
WQnZW5bVx3w#_00044,0
WQnZW5bVx3w#_00045,0
WQnZW5bVx3w#_00046,0
WQnZW5bVx3w#_00047,2
WQnZW5bVx3w#_00048,0
WQnZW5bVx3w#_00049,0
WQnZW5bVx3w#_00050,3
WQnZW5bVx3w#_00051,0
WQnZW5bVx3w#_00052,2
WQnZW5bVx3w#_00053,3
WQnZW5bVx3w#_00054,2
WQnZW5bVx3w#_00055,0
WQnZW5bVx3w#_00056,3
WQnZW5bVx3w#_00057,3
WWdbleoC9Ag#_00004,0
WWdbleoC9Ag#_00005,0
WWdbleoC9Ag#_00006,0
WWdbleoC9Ag#_00007,3
WWdbleoC9Ag#_00008,0
WWdbleoC9Ag#_00009,0
WWdbleoC9Ag#_00010,2
WWdbleoC9Ag#_00011,3
WWdbleoC9Ag#_00012,0
WWdbleoC9Ag#_00013,0
WWdbleoC9Ag#_00014,3
WWdbleoC9Ag#_00015,3
XHR2ty5n1Mc#_00003,0
XHR2ty5n1Mc#_00004,0
XHR2ty5n1Mc#_00005,0
XHR2ty5n1Mc#_00006,0
XHR2ty5n1Mc#_00007,0
XHR2ty5n1Mc#_00008,0
XHR2ty5n1Mc#_00009,2
XHR2ty5n1Mc#_00010,2
XHR2ty5n1Mc#_00011,0
XHR2ty5n1Mc#_00012,0
XHR2ty5n1Mc#_00013,0
XHR2ty5n1Mc#_00014,0
XHR2ty5n1Mc#_00015,3
XHR2ty5n1Mc#_00016,3
XHR2ty5n1Mc#_00017,3
XkuhEAcXmLo#_00002,0
XkuhEAcXmLo#_00003,0
XkuhEAcXmLo#_00004,2
XkuhEAcXmLo#_00005,0
XkuhEAcXmLo#_00006,0
XkuhEAcXmLo#_00007,2
XkuhEAcXmLo#_00008,3
XkuhEAcXmLo#_00009,3
XkuhEAcXmLo#_00010,3
XkuhEAcXmLo#_00011,1
XkuhEAcXmLo#_00012,2
XkuhEAcXmLo#_00013,0
XkuhEAcXmLo#_00014,3
xl5x43lDfb0#_00002,0
xl5x43lDfb0#_00003,0
xl5x43lDfb0#_00004,0
xl5x43lDfb0#_00005,3
xl5x43lDfb0#_00006,0
xl5x43lDfb0#_00007,3
xl5x43lDfb0#_00008,0
xl5x43lDfb0#_00009,0
xl5x43lDfb0#_00010,0
xl5x43lDfb0#_00011,3
xl5x43lDfb0#_00012,3
xl5x43lDfb0#_00013,4
xl5x43lDfb0#_00014,4
xl5x43lDfb0#_00015,4
xYYMsc7ponY#_00003,0
xYYMsc7ponY#_00004,0
xYYMsc7ponY#_00005,2
xYYMsc7ponY#_00006,0
xYYMsc7ponY#_00007,0
xYYMsc7ponY#_00008,2
xYYMsc7ponY#_00009,3
yaMx8Ig2hdA#_00018,0
yaMx8Ig2hdA#_00019,0
yaMx8Ig2hdA#_00020,2
yaMx8Ig2hdA#_00021,0
yaMx8Ig2hdA#_00022,0
yaMx8Ig2hdA#_00023,0
yaMx8Ig2hdA#_00024,0
yaMx8Ig2hdA#_00025,3
yaMx8Ig2hdA#_00028,0
yaMx8Ig2hdA#_00029,0
yaMx8Ig2hdA#_00030,0
yaMx8Ig2hdA#_00031,0
yaMx8Ig2hdA#_00032,0
yaMx8Ig2hdA#_00033,0
yaMx8Ig2hdA#_00034,0
yaMx8Ig2hdA#_00035,1
yaMx8Ig2hdA#_00036,1
yaMx8Ig2hdA#_00037,2
yaMx8Ig2hdA#_00038,3
yaMx8Ig2hdA#_00039,0
yaMx8Ig2hdA#_00040,3
yaMx8Ig2hdA#_00041,3
yaMx8Ig2hdA#_00042,2
yaMx8Ig2hdA#_00043,3
yaMx8Ig2hdA#_00044,3
yaMx8Ig2hdA#_00045,4
yaMx8Ig2hdA#_00046,4
yaMx8Ig2hdA#_00048,0
yaMx8Ig2hdA#_00049,0
yaMx8Ig2hdA#_00050,0
yaMx8Ig2hdA#_00051,1
yaMx8Ig2hdA#_00052,2
yaMx8Ig2hdA#_00053,3
yaMx8Ig2hdA#_00054,3
yaMx8Ig2hdA#_00055,0
yaMx8Ig2hdA#_00056,0
yaMx8Ig2hdA#_00057,1
yaMx8Ig2hdA#_00058,1
yaMx8Ig2hdA#_00059,0
yaMx8Ig2hdA#_00060,0
yaMx8Ig2hdA#_00061,1
YB90CRsEjWA#_00002,0
YB90CRsEjWA#_00003,0
YB90CRsEjWA#_00004,0
YB90CRsEjWA#_00005,0
YB90CRsEjWA#_00006,0
YB90CRsEjWA#_00007,1
YB90CRsEjWA#_00008,0
YB90CRsEjWA#_00009,0
YB90CRsEjWA#_00010,0
YB90CRsEjWA#_00011,1
YB90CRsEjWA#_00012,3
ZRFm7UgBERs#_00002,0
ZRFm7UgBERs#_00003,0
ZRFm7UgBERs#_00004,0
ZRFm7UgBERs#_00005,1
ZRFm7UgBERs#_00006,1
ZRFm7UgBERs#_00008,1
ZRFm7UgBERs#_00009,3
3a6YnSXQJCQ#_00007,0
6HRpwB5n_Zk#_00030,1
6HRpwB5n_Zk#_00034,1
6HRpwB5n_Zk#_00039,0
b3d5NQojLZA#_00028,2
CxOYqINyYy4#_00007,2
e0kYiSGqwkI#_00026,3
gCoTWmtYL1s#_00052,1
IDJKYpmNY88#_00007,0
ihUedmzxGLQ#_00006,0
KPx9Qj0f5KE#_00011,0
KYZ2_INFAOc#_00021,3
LJs-EvfIwLs#_00045,3
LJs-EvfIwLs#_00046,0
LJs-EvfIwLs#_00056,1
lVwS-nqg7KA#_00009,0
M4CyQAJhn4U#_00021,3
nL7bXYKUkLg#_00009,3
U2psRDuUKHQ#_00019,1
U2psRDuUKHQ#_00020,3
ZRFm7UgBERs#_00007,1
-5qHIsbautM#_00001,0
-5qHIsbautM#_00002,0
-5qHIsbautM#_00003,0
-5qHIsbautM#_00004,1
-5qHIsbautM#_00005,0
-5qHIsbautM#_00006,0
-5qHIsbautM#_00007,0
-5qHIsbautM#_00008,0
-5qHIsbautM#_00010,0
-5qHIsbautM#_00011,2
-5qHIsbautM#_00012,2
-5qHIsbautM#_00013,0
-5qHIsbautM#_00014,2
-5qHIsbautM#_00015,2
-fMXA7IzIpE#_00001,0
-fMXA7IzIpE#_00002,0
-fMXA7IzIpE#_00003,0
-fMXA7IzIpE#_00004,0
-fMXA7IzIpE#_00005,0
-fMXA7IzIpE#_00006,0
-fMXA7IzIpE#_00007,0
-fMXA7IzIpE#_00008,0
-fMXA7IzIpE#_00009,2
-fMXA7IzIpE#_00010,2
-fMXA7IzIpE#_00011,3
-fMXA7IzIpE#_00012,3
-fMXA7IzIpE#_00013,2
-fMXA7IzIpE#_00014,3
-fMXA7IzIpE#_00015,1
-fMXA7IzIpE#_00016,0
-fMXA7IzIpE#_00017,3
-fMXA7IzIpE#_00018,1
-fMXA7IzIpE#_00019,3
-fMXA7IzIpE#_00020,3
-fMXA7IzIpE#_00021,3
-fMXA7IzIpE#_00022,3
-fMXA7IzIpE#_00023,3
-fMXA7IzIpE#_00024,1
-fMXA7IzIpE#_00025,0
-fMXA7IzIpE#_00026,2
-fMXA7IzIpE#_00027,3
-fMXA7IzIpE#_00029,0
-fMXA7IzIpE#_00030,0
-fMXA7IzIpE#_00031,0
-fMXA7IzIpE#_00032,0
-fMXA7IzIpE#_00033,0
-fMXA7IzIpE#_00034,0
-fMXA7IzIpE#_00035,2
-fMXA7IzIpE#_00036,1
-fMXA7IzIpE#_00037,2
-fMXA7IzIpE#_00038,1
-fMXA7IzIpE#_00039,1
-fMXA7IzIpE#_00040,2
-fMXA7IzIpE#_00041,2
-fMXA7IzIpE#_00042,2
-fMXA7IzIpE#_00043,3
-iDDcp4tR78#_00001,0
-iDDcp4tR78#_00002,0
-iDDcp4tR78#_00003,0
-iDDcp4tR78#_00004,0
-iDDcp4tR78#_00006,0
-iDDcp4tR78#_00007,0
-iDDcp4tR78#_00008,0
-iDDcp4tR78#_00009,0
-iDDcp4tR78#_00010,0
-iDDcp4tR78#_00011,0
-iDDcp4tR78#_00012,0
-iDDcp4tR78#_00013,2
-iDDcp4tR78#_00014,3
-iDDcp4tR78#_00015,3
-iDDcp4tR78#_00016,0
-iDDcp4tR78#_00017,3
-iDDcp4tR78#_00018,3
-iDDcp4tR78#_00019,2
-iDDcp4tR78#_00020,0
-iDDcp4tR78#_00021,0
-iDDcp4tR78#_00022,0
-iDDcp4tR78#_00023,1
-iDDcp4tR78#_00024,0
-iDDcp4tR78#_00025,1
-iDDcp4tR78#_00026,0
-iwS4kR15XI#_00001,0
-iwS4kR15XI#_00002,0
-iwS4kR15XI#_00003,0
-iwS4kR15XI#_00004,1
-iwS4kR15XI#_00005,0
-iwS4kR15XI#_00006,0
-iwS4kR15XI#_00007,0
-iwS4kR15XI#_00008,0
-iwS4kR15XI#_00009,0
-iwS4kR15XI#_00010,0
-iwS4kR15XI#_00011,0
-iwS4kR15XI#_00014,0
-iwS4kR15XI#_00015,0
-iwS4kR15XI#_00016,0
-iwS4kR15XI#_00017,2
-l9_SAt5_6s#_00001,0
-l9_SAt5_6s#_00002,0
-l9_SAt5_6s#_00003,0
-l9_SAt5_6s#_00004,0
-l9_SAt5_6s#_00005,1
-l9_SAt5_6s#_00006,0
-l9_SAt5_6s#_00007,0
-l9_SAt5_6s#_00008,2
-l9_SAt5_6s#_00009,3
-l9_SAt5_6s#_00013,2
-l9_SAt5_6s#_00014,0
-l9_SAt5_6s#_00015,0
-l9_SAt5_6s#_00016,1
-l9_SAt5_6s#_00017,0
-l9_SAt5_6s#_00018,0
-l9_SAt5_6s#_00019,0
-l9_SAt5_6s#_00020,1
-l9_SAt5_6s#_00021,3
-l9_SAt5_6s#_00022,4
-l9_SAt5_6s#_00024,0
-l9_SAt5_6s#_00025,0
-l9_SAt5_6s#_00026,0
-l9_SAt5_6s#_00027,0
-l9_SAt5_6s#_00028,0
-l9_SAt5_6s#_00029,0
-l9_SAt5_6s#_00030,0
-l9_SAt5_6s#_00031,3
-l9_SAt5_6s#_00032,1
-l9_SAt5_6s#_00033,3
-Sa8LuyMeJ0#_00001,0
-Sa8LuyMeJ0#_00002,0
-Sa8LuyMeJ0#_00003,0
-Sa8LuyMeJ0#_00004,0
-Sa8LuyMeJ0#_00005,0
-Sa8LuyMeJ0#_00007,0
-Sa8LuyMeJ0#_00008,0
-Sa8LuyMeJ0#_00009,0
-Sa8LuyMeJ0#_00010,0
-Sa8LuyMeJ0#_00011,0
-Sa8LuyMeJ0#_00012,2
-Sa8LuyMeJ0#_00013,0
-sueweqNn0U#_00001,0
-sueweqNn0U#_00002,0
-sueweqNn0U#_00003,0
-sueweqNn0U#_00004,2
-sueweqNn0U#_00005,0
-sueweqNn0U#_00006,0
-sueweqNn0U#_00007,2
-sueweqNn0U#_00008,3
-sueweqNn0U#_00009,0
-sueweqNn0U#_00010,1
-sueweqNn0U#_00011,3
-sueweqNn0U#_00012,3
-sueweqNn0U#_00013,3
-sueweqNn0U#_00014,2
-sueweqNn0U#_00015,0
-sueweqNn0U#_00017,0
-sueweqNn0U#_00018,0
-sueweqNn0U#_00019,0
-sueweqNn0U#_00020,0
-sueweqNn0U#_00021,0
-sueweqNn0U#_00022,1
-sueweqNn0U#_00023,0
-sueweqNn0U#_00024,2
-sueweqNn0U#_00025,3
-sueweqNn0U#_00026,0
-sueweqNn0U#_00027,2
-sueweqNn0U#_00028,3
-sueweqNn0U#_00029,2
-sueweqNn0U#_00030,3
-sueweqNn0U#_00031,1
-sueweqNn0U#_00032,2
-XmHcCeft3c#_00001,0
-XmHcCeft3c#_00002,0
-XmHcCeft3c#_00003,0
-XmHcCeft3c#_00004,2
-XmHcCeft3c#_00005,1
-XmHcCeft3c#_00006,3
-XmHcCeft3c#_00009,0
-XmHcCeft3c#_00010,0
-XmHcCeft3c#_00011,1
-XmHcCeft3c#_00012,0
-XmHcCeft3c#_00013,0
-XmHcCeft3c#_00014,2
0Iw1_J-_Zjk#_00001,0
0Iw1_J-_Zjk#_00002,0
0Iw1_J-_Zjk#_00003,1
0Iw1_J-_Zjk#_00004,0
0Iw1_J-_Zjk#_00005,0
0Iw1_J-_Zjk#_00006,0
0Iw1_J-_Zjk#_00007,2
0Iw1_J-_Zjk#_00008,0
0Iw1_J-_Zjk#_00009,2
0Iw1_J-_Zjk#_00010,2
0Iw1_J-_Zjk#_00011,3
0Iw1_J-_Zjk#_00012,0
0Iw1_J-_Zjk#_00013,0
0Iw1_J-_Zjk#_00014,0
0Iw1_J-_Zjk#_00015,0
0Iw1_J-_Zjk#_00016,0
0Iw1_J-_Zjk#_00017,0
0Iw1_J-_Zjk#_00018,1
0Iw1_J-_Zjk#_00019,1
0Iw1_J-_Zjk#_00020,0
-ecvEYR3J8M#_00006,0
-ecvEYR3J8M#_00007,0
-ecvEYR3J8M#_00008,1
-ecvEYR3J8M#_00009,0
-ecvEYR3J8M#_00010,0
-ecvEYR3J8M#_00011,0
-ecvEYR3J8M#_00012,1
-ecvEYR3J8M#_00013,1
-ecvEYR3J8M#_00014,1
-ecvEYR3J8M#_00015,2
-ecvEYR3J8M#_00017,0
-ecvEYR3J8M#_00018,0
-ecvEYR3J8M#_00019,1
-ecvEYR3J8M#_00020,0
-ecvEYR3J8M#_00021,0
-ecvEYR3J8M#_00022,1
-ecvEYR3J8M#_00023,0
-ecvEYR3J8M#_00024,1
-ecvEYR3J8M#_00025,1
-ecvEYR3J8M#_00026,1
-ecvEYR3J8M#_00027,2
-ecvEYR3J8M#_00028,2
-ecvEYR3J8M#_00029,3
-ecvEYR3J8M#_00030,2
-ecvEYR3J8M#_00031,2
-ecvEYR3J8M#_00032,1
-ecvEYR3J8M#_00033,3
-ecvEYR3J8M#_00035,1
-ecvEYR3J8M#_00036,1
-ecvEYR3J8M#_00037,0
-ecvEYR3J8M#_00038,0
-ecvEYR3J8M#_00039,0
-ecvEYR3J8M#_00040,3
-ecvEYR3J8M#_00041,2
-ecvEYR3J8M#_00042,0
-ecvEYR3J8M#_00043,0
-ecvEYR3J8M#_00044,1
-ecvEYR3J8M#_00045,1
-ecvEYR3J8M#_00046,2
-ecvEYR3J8M#_00047,2
-ecvEYR3J8M#_00048,2
-ecvEYR3J8M#_00050,0
-ecvEYR3J8M#_00051,0
-ecvEYR3J8M#_00052,0
-ecvEYR3J8M#_00053,0
-ecvEYR3J8M#_00054,1
-ecvEYR3J8M#_00055,0
-ecvEYR3J8M#_00056,2
-kenFgwHixU#_00008,0
-kenFgwHixU#_00009,0
-kenFgwHixU#_00010,1
-kenFgwHixU#_00011,0
-kenFgwHixU#_00012,1
-kenFgwHixU#_00013,0
-kenFgwHixU#_00014,0
-kenFgwHixU#_00015,0
-kenFgwHixU#_00016,0
-kenFgwHixU#_00017,1
-kenFgwHixU#_00018,2
-kenFgwHixU#_00019,3
-kenFgwHixU#_00020,3
-kenFgwHixU#_00022,0
-kenFgwHixU#_00023,0
-kenFgwHixU#_00024,0
-kenFgwHixU#_00025,0
-kenFgwHixU#_00026,0
-kenFgwHixU#_00027,0
-kenFgwHixU#_00028,0
-kenFgwHixU#_00029,1
-kenFgwHixU#_00030,2
03qPMI2RK3k#_00002,0
03qPMI2RK3k#_00003,0
03qPMI2RK3k#_00004,0
03qPMI2RK3k#_00005,0
03qPMI2RK3k#_00006,0
03qPMI2RK3k#_00007,1
03qPMI2RK3k#_00008,1
03qPMI2RK3k#_00009,2
03qPMI2RK3k#_00010,0
03qPMI2RK3k#_00011,0
03qPMI2RK3k#_00012,2
03qPMI2RK3k#_00013,0
03qPMI2RK3k#_00015,0
03qPMI2RK3k#_00016,0
03qPMI2RK3k#_00017,0
03qPMI2RK3k#_00018,0
03qPMI2RK3k#_00019,0
03qPMI2RK3k#_00020,2
03qPMI2RK3k#_00021,0
03qPMI2RK3k#_00022,0
03qPMI2RK3k#_00023,0
03qPMI2RK3k#_00024,1
03qPMI2RK3k#_00027,0
03qPMI2RK3k#_00028,0
03qPMI2RK3k#_00029,0
03qPMI2RK3k#_00030,0
03qPMI2RK3k#_00031,1
03qPMI2RK3k#_00032,0
03qPMI2RK3k#_00033,2
03qPMI2RK3k#_00034,3
03qPMI2RK3k#_00035,3
03qPMI2RK3k#_00036,3
03qPMI2RK3k#_00037,0
03qPMI2RK3k#_00038,4
0c9hA6xJuas#_00001,0
0c9hA6xJuas#_00002,0
0c9hA6xJuas#_00003,0
0c9hA6xJuas#_00004,0
0c9hA6xJuas#_00005,0
0c9hA6xJuas#_00006,0
0c9hA6xJuas#_00007,2
0c9hA6xJuas#_00008,2
0c9hA6xJuas#_00009,0
0c9hA6xJuas#_00010,3
0c9hA6xJuas#_00011,0
0c9hA6xJuas#_00012,0
0c9hA6xJuas#_00013,0
0c9hA6xJuas#_00014,0
0c9hA6xJuas#_00015,1
0c9hA6xJuas#_00016,2
0c9hA6xJuas#_00017,0
0c9hA6xJuas#_00018,0
0c9hA6xJuas#_00019,3
0c9hA6xJuas#_00020,2
0c9hA6xJuas#_00021,2
0c9hA6xJuas#_00022,0
0c9hA6xJuas#_00023,0
0c9hA6xJuas#_00024,0
0c9hA6xJuas#_00025,1
0c9hA6xJuas#_00026,0
0c9hA6xJuas#_00027,0
0c9hA6xJuas#_00028,1
0c9hA6xJuas#_00029,3
0DMP7Rnwfos#_00001,0
0DMP7Rnwfos#_00002,0
0DMP7Rnwfos#_00003,1
0DMP7Rnwfos#_00004,1
0DMP7Rnwfos#_00005,2
0DMP7Rnwfos#_00006,2
0DMP7Rnwfos#_00007,2
0DMP7Rnwfos#_00008,1
0DMP7Rnwfos#_00009,2
0DMP7Rnwfos#_00010,2
0DMP7Rnwfos#_00011,2
0DMP7Rnwfos#_00012,3
0DMP7Rnwfos#_00013,0
0DMP7Rnwfos#_00014,0
0DMP7Rnwfos#_00015,0
0DMP7Rnwfos#_00016,0
0DMP7Rnwfos#_00017,0
0DMP7Rnwfos#_00018,1
0DMP7Rnwfos#_00019,0
0DMP7Rnwfos#_00020,0
0DMP7Rnwfos#_00021,1
0DMP7Rnwfos#_00022,0
0DMP7Rnwfos#_00023,1
0DMP7Rnwfos#_00024,1
0DMP7Rnwfos#_00025,2
0DMP7Rnwfos#_00026,1
0DMP7Rnwfos#_00027,0
0DMP7Rnwfos#_00028,3
0DMP7Rnwfos#_00029,1
0DMP7Rnwfos#_00030,1
0DMP7Rnwfos#_00031,2
0DMP7Rnwfos#_00032,3
0DMP7Rnwfos#_00033,1
0DMP7Rnwfos#_00034,3
0DMP7Rnwfos#_00035,2
0DMP7Rnwfos#_00037,0
0DMP7Rnwfos#_00038,0
0DMP7Rnwfos#_00039,1
0DMP7Rnwfos#_00040,1
0DMP7Rnwfos#_00041,0
0DMP7Rnwfos#_00042,2
0DMP7Rnwfos#_00043,1
0DMP7Rnwfos#_00044,1
0DMP7Rnwfos#_00045,2
0DMP7Rnwfos#_00046,2
0DMP7Rnwfos#_00047,1
0DMP7Rnwfos#_00048,3
0Iw1_J-_Zjk#_00021,2
0Iw1_J-_Zjk#_00022,2
0Iw1_J-_Zjk#_00023,1
0Iw1_J-_Zjk#_00024,1
0Iw1_J-_Zjk#_00025,2
0Iw1_J-_Zjk#_00026,2
0Iw1_J-_Zjk#_00027,1
0Iw1_J-_Zjk#_00028,1
0Iw1_J-_Zjk#_00030,0
0Iw1_J-_Zjk#_00031,3
0LvxW9skMUQ#_00001,0
0LvxW9skMUQ#_00002,0
0LvxW9skMUQ#_00003,1
0LvxW9skMUQ#_00004,0
0LvxW9skMUQ#_00005,0
0LvxW9skMUQ#_00006,2
0LvxW9skMUQ#_00007,0
0LvxW9skMUQ#_00008,2
0LvxW9skMUQ#_00009,3
0LvxW9skMUQ#_00016,0
0LvxW9skMUQ#_00017,0
0LvxW9skMUQ#_00018,0
0LvxW9skMUQ#_00019,1
0LvxW9skMUQ#_00020,0
0LvxW9skMUQ#_00021,0
0LvxW9skMUQ#_00022,3
0LvxW9skMUQ#_00023,3
0LvxW9skMUQ#_00024,3
0LvxW9skMUQ#_00025,3
0LvxW9skMUQ#_00026,2
0LvxW9skMUQ#_00027,3
0LvxW9skMUQ#_00029,0
0LvxW9skMUQ#_00030,0
0LvxW9skMUQ#_00031,0
0LvxW9skMUQ#_00032,0
0LvxW9skMUQ#_00034,3
0LvxW9skMUQ#_00035,2
0LvxW9skMUQ#_00036,2
0LvxW9skMUQ#_00037,0
0LvxW9skMUQ#_00038,0
0LvxW9skMUQ#_00039,0
0LvxW9skMUQ#_00040,1
0LvxW9skMUQ#_00041,3
0LvxW9skMUQ#_00042,3
0LvxW9skMUQ#_00043,2
0LvxW9skMUQ#_00044,0
0LvxW9skMUQ#_00045,3
0LvxW9skMUQ#_00046,3
0LvxW9skMUQ#_00047,2
0LvxW9skMUQ#_00048,0
0LvxW9skMUQ#_00049,1
0LvxW9skMUQ#_00050,0
0LvxW9skMUQ#_00051,3
0LvxW9skMUQ#_00052,2
0LvxW9skMUQ#_00053,0
0LvxW9skMUQ#_00054,2
0LvxW9skMUQ#_00055,2
0LvxW9skMUQ#_00056,2
0LvxW9skMUQ#_00057,1
0LvxW9skMUQ#_00058,3
0LvxW9skMUQ#_00059,1
0LvxW9skMUQ#_00060,1
0LvxW9skMUQ#_00061,3
0LvxW9skMUQ#_00062,4
0LvxW9skMUQ#_00063,2
0LvxW9skMUQ#_00064,1
0LvxW9skMUQ#_00065,1
0LvxW9skMUQ#_00066,4
0LvxW9skMUQ#_00067,2
0LvxW9skMUQ#_00068,4
0LvxW9skMUQ#_00069,3
0LvxW9skMUQ#_00071,0
0LvxW9skMUQ#_00072,0
0LvxW9skMUQ#_00073,2
0LvxW9skMUQ#_00074,2
0LvxW9skMUQ#_00075,2
0LvxW9skMUQ#_00079,0
0LvxW9skMUQ#_00080,0
0LvxW9skMUQ#_00081,2
0LvxW9skMUQ#_00082,2
0LvxW9skMUQ#_00083,3
0LvxW9skMUQ#_00084,3
0LvxW9skMUQ#_00085,2
0LvxW9skMUQ#_00086,2
0LvxW9skMUQ#_00087,0
0T7sry_TB20#_00001,0
0T7sry_TB20#_00002,0
0T7sry_TB20#_00003,1
0T7sry_TB20#_00004,2
0T7sry_TB20#_00005,2
0T7sry_TB20#_00006,0
0T7sry_TB20#_00007,2
0T7sry_TB20#_00008,2
0T7sry_TB20#_00009,1
0T7sry_TB20#_00010,2
0T7sry_TB20#_00011,3
0T7sry_TB20#_00012,3
0T7sry_TB20#_00013,2
0T7sry_TB20#_00014,2
0T7sry_TB20#_00015,2
0T7sry_TB20#_00016,2
0T7sry_TB20#_00017,1
0T7sry_TB20#_00018,3
0T7sry_TB20#_00019,0
0T7sry_TB20#_00020,2
0T7sry_TB20#_00021,1
0T7sry_TB20#_00022,0
0T7sry_TB20#_00023,0
0T7sry_TB20#_00024,0
0T7sry_TB20#_00025,0
0T7sry_TB20#_00026,0
0T7sry_TB20#_00027,2
0T7sry_TB20#_00028,2
0T7sry_TB20#_00029,1
0T7sry_TB20#_00030,2
0T7sry_TB20#_00031,1
0T7sry_TB20#_00032,1
0xInOqhphuc#_00001,0
0xInOqhphuc#_00002,0
0xInOqhphuc#_00003,0
0xInOqhphuc#_00004,1
0xInOqhphuc#_00005,0
0xInOqhphuc#_00006,0
0xInOqhphuc#_00009,0
0xInOqhphuc#_00010,0
0xInOqhphuc#_00011,0
0xInOqhphuc#_00012,1
0xInOqhphuc#_00013,2
0xInOqhphuc#_00014,0
0xInOqhphuc#_00015,0
0xInOqhphuc#_00016,0
0xInOqhphuc#_00017,2
0xInOqhphuc#_00018,3
0xInOqhphuc#_00019,2
0xInOqhphuc#_00020,0
0xInOqhphuc#_00021,3
0xInOqhphuc#_00022,0
0xInOqhphuc#_00023,0
0xInOqhphuc#_00024,2
0xInOqhphuc#_00025,0
0xInOqhphuc#_00026,0
0xInOqhphuc#_00027,1
0xInOqhphuc#_00028,2
0xInOqhphuc#_00029,0
0xInOqhphuc#_00030,3
0xInOqhphuc#_00031,3
1aomRuZ6UAk#_00001,0
1aomRuZ6UAk#_00002,0
1aomRuZ6UAk#_00003,0
1aomRuZ6UAk#_00004,0
1aomRuZ6UAk#_00005,0
1aomRuZ6UAk#_00006,0
1aomRuZ6UAk#_00007,3
1aomRuZ6UAk#_00009,0
1aomRuZ6UAk#_00010,0
1aomRuZ6UAk#_00011,0
1aomRuZ6UAk#_00012,1
1aomRuZ6UAk#_00013,0
1aomRuZ6UAk#_00014,1
1aomRuZ6UAk#_00015,0
1aomRuZ6UAk#_00016,1
1aomRuZ6UAk#_00017,2
1aomRuZ6UAk#_00018,2
1aomRuZ6UAk#_00019,2
1aomRuZ6UAk#_00020,3
1aomRuZ6UAk#_00021,3
1aomRuZ6UAk#_00023,0
1aomRuZ6UAk#_00024,0
1aomRuZ6UAk#_00025,0
1aomRuZ6UAk#_00026,0
1aomRuZ6UAk#_00027,0
1aomRuZ6UAk#_00028,0
1aomRuZ6UAk#_00029,0
1aomRuZ6UAk#_00030,2
1aomRuZ6UAk#_00031,0
1aomRuZ6UAk#_00032,0
1aomRuZ6UAk#_00033,1
1aomRuZ6UAk#_00034,3
1CE3_Itz47U#_00001,0
1CE3_Itz47U#_00002,1
1CE3_Itz47U#_00003,0
1CE3_Itz47U#_00006,0
1CE3_Itz47U#_00007,0
1CE3_Itz47U#_00008,1
1CE3_Itz47U#_00009,0
1CE3_Itz47U#_00010,2
1CE3_Itz47U#_00011,2
1CE3_Itz47U#_00012,0
1CE3_Itz47U#_00013,1
1CE3_Itz47U#_00014,1
1CE3_Itz47U#_00015,3
1CE3_Itz47U#_00016,0
1CE3_Itz47U#_00017,0
1CE3_Itz47U#_00018,1
1CE3_Itz47U#_00019,1
1CE3_Itz47U#_00020,2
1CE3_Itz47U#_00021,2
1CE3_Itz47U#_00022,0
1CE3_Itz47U#_00023,0
1CE3_Itz47U#_00024,2
1CE3_Itz47U#_00025,1
1CE3_Itz47U#_00026,2
1cPrhtsfBHI#_00003,0
1cPrhtsfBHI#_00004,1
1cPrhtsfBHI#_00005,0
1cPrhtsfBHI#_00006,1
1cPrhtsfBHI#_00007,1
1cPrhtsfBHI#_00008,0
1cPrhtsfBHI#_00009,0
1cPrhtsfBHI#_00010,0
1cPrhtsfBHI#_00011,0
1cPrhtsfBHI#_00012,0
1cPrhtsfBHI#_00013,0
1cPrhtsfBHI#_00014,0
1cPrhtsfBHI#_00015,3
1cPrhtsfBHI#_00016,0
1cPrhtsfBHI#_00017,0
1cPrhtsfBHI#_00018,3
1cPrhtsfBHI#_00019,2
1cPrhtsfBHI#_00020,3
1cPrhtsfBHI#_00021,33
1cPrhtsfBHI#_00022,2
1cPrhtsfBHI#_00023,2
1cPrhtsfBHI#_00024,2
1cPrhtsfBHI#_00025,3
1cPrhtsfBHI#_00026,3
1cPrhtsfBHI#_00027,3
1cPrhtsfBHI#_00028,1
1cPrhtsfBHI#_00029,1
1cPrhtsfBHI#_00030,1
1cPrhtsfBHI#_00031,1
1cPrhtsfBHI#_00032,1
1cPrhtsfBHI#_00033,0
1cPrhtsfBHI#_00034,1
1cPrhtsfBHI#_00035,0
1El5AOFu0Qg#_00001,0
1El5AOFu0Qg#_00002,0
1El5AOFu0Qg#_00003,1
1El5AOFu0Qg#_00004,0
1El5AOFu0Qg#_00005,0
1El5AOFu0Qg#_00006,0
1El5AOFu0Qg#_00008,0
1El5AOFu0Qg#_00009,0
1El5AOFu0Qg#_00010,0
1El5AOFu0Qg#_00011,2
1El5AOFu0Qg#_00012,2
1El5AOFu0Qg#_00013,1
1El5AOFu0Qg#_00014,1
1El5AOFu0Qg#_00015,1
1El5AOFu0Qg#_00016,1
1El5AOFu0Qg#_00017,2
1El5AOFu0Qg#_00018,2
1El5AOFu0Qg#_00020,0
1El5AOFu0Qg#_00021,0
1El5AOFu0Qg#_00022,0
1El5AOFu0Qg#_00023,0
1El5AOFu0Qg#_00024,0
1El5AOFu0Qg#_00025,0
1El5AOFu0Qg#_00026,0
1El5AOFu0Qg#_00027,2
1El5AOFu0Qg#_00028,0
1El5AOFu0Qg#_00029,0
1El5AOFu0Qg#_00030,1
1sA66NMkO7c#_00001,0
1sA66NMkO7c#_00002,0
1sA66NMkO7c#_00003,1
1sA66NMkO7c#_00004,1
1sA66NMkO7c#_00005,2
1sA66NMkO7c#_00006,1
1sA66NMkO7c#_00007,1
1sA66NMkO7c#_00008,2
1sA66NMkO7c#_00010,0
1sA66NMkO7c#_00013,0
1sA66NMkO7c#_00014,0
1sA66NMkO7c#_00015,1
1sA66NMkO7c#_00016,0
1sA66NMkO7c#_00017,1
1sA66NMkO7c#_00018,0
1sA66NMkO7c#_00019,1
1sA66NMkO7c#_00020,1
1sA66NMkO7c#_00021,1
1sA66NMkO7c#_00022,1
1sA66NMkO7c#_00023,2
1sA66NMkO7c#_00024,1
1sA66NMkO7c#_00025,1
1sA66NMkO7c#_00026,1
1sA66NMkO7c#_00027,1
1sA66NMkO7c#_00028,2
1sA66NMkO7c#_00029,0
1sA66NMkO7c#_00030,0
1sA66NMkO7c#_00031,0
1sA66NMkO7c#_00032,1
1sA66NMkO7c#_00033,0
1sA66NMkO7c#_00034,2
1sA66NMkO7c#_00035,1
1sA66NMkO7c#_00036,0
1sA66NMkO7c#_00037,1
1sA66NMkO7c#_00038,3
1yajBUUwodY#_00001,0
1yajBUUwodY#_00002,0
1yajBUUwodY#_00003,0
1yajBUUwodY#_00004,0
1yajBUUwodY#_00005,0
1yajBUUwodY#_00007,0
1yajBUUwodY#_00008,0
1yajBUUwodY#_00009,1
1yajBUUwodY#_00010,2
1yajBUUwodY#_00011,1
1z5sjNkfOLA#_00002,0
1z5sjNkfOLA#_00003,0
1z5sjNkfOLA#_00004,0
1z5sjNkfOLA#_00005,0
1z5sjNkfOLA#_00006,0
1z5sjNkfOLA#_00007,0
1z5sjNkfOLA#_00008,0
1z5sjNkfOLA#_00009,2
1z5sjNkfOLA#_00010,1
1z5sjNkfOLA#_00011,3
1z5sjNkfOLA#_00012,0
1z5sjNkfOLA#_00013,3
1z5sjNkfOLA#_00014,1
1z5sjNkfOLA#_00015,1
1z5sjNkfOLA#_00017,0
1z5sjNkfOLA#_00018,0
1z5sjNkfOLA#_00019,0
1z5sjNkfOLA#_00020,1
1z5sjNkfOLA#_00021,0
1z5sjNkfOLA#_00022,2
1z5sjNkfOLA#_00023,0
1z5sjNkfOLA#_00024,0
1z5sjNkfOLA#_00025,1
1z5sjNkfOLA#_00026,0
1z5sjNkfOLA#_00028,0
1z5sjNkfOLA#_00029,0
1z5sjNkfOLA#_00030,0
1z5sjNkfOLA#_00031,0
1z5sjNkfOLA#_00032,0
1z5sjNkfOLA#_00033,1
1z5sjNkfOLA#_00034,1
28rBeB3nfzM#_00002,0
28rBeB3nfzM#_00003,0
28rBeB3nfzM#_00004,0
28rBeB3nfzM#_00005,0
28rBeB3nfzM#_00006,0
28rBeB3nfzM#_00009,0
28rBeB3nfzM#_00010,0
28rBeB3nfzM#_00011,0
28rBeB3nfzM#_00012,0
28rBeB3nfzM#_00013,0
28rBeB3nfzM#_00014,0
28rBeB3nfzM#_00015,0
28rBeB3nfzM#_00016,3
28rBeB3nfzM#_00018,0
28rBeB3nfzM#_00019,0
28rBeB3nfzM#_00020,1
2_F6KG0qLco#_00001,0
2_F6KG0qLco#_00002,1
2_F6KG0qLco#_00003,0
2_F6KG0qLco#_00004,0
2_F6KG0qLco#_00005,0
2_F6KG0qLco#_00006,1
2_F6KG0qLco#_00007,2
2_F6KG0qLco#_00009,0
2_F6KG0qLco#_00010,0
2_F6KG0qLco#_00011,0
2_F6KG0qLco#_00012,0
2_F6KG0qLco#_00013,0
2_F6KG0qLco#_00014,0
2_F6KG0qLco#_00015,1
2_F6KG0qLco#_00016,2
2_F6KG0qLco#_00017,0
2_F6KG0qLco#_00018,1
2_F6KG0qLco#_00019,3
2_F6KG0qLco#_00020,0
2_F6KG0qLco#_00021,0
2_F6KG0qLco#_00022,0
2_F6KG0qLco#_00023,0
2_F6KG0qLco#_00024,0
2_F6KG0qLco#_00025,1
2_F6KG0qLco#_00026,0
2_F6KG0qLco#_00027,2
2GNf-UI-ikw#_00001,0
2GNf-UI-ikw#_00002,0
2GNf-UI-ikw#_00003,0
2GNf-UI-ikw#_00004,1
2GNf-UI-ikw#_00005,0
2GNf-UI-ikw#_00006,2
2GNf-UI-ikw#_00007,3
2GNf-UI-ikw#_00008,2
2GNf-UI-ikw#_00009,0
2GNf-UI-ikw#_00010,0
2GNf-UI-ikw#_00011,0
2GNf-UI-ikw#_00012,1
2GNf-UI-ikw#_00013,2
2GNf-UI-ikw#_00014,0
2GNf-UI-ikw#_00015,3
2GNf-UI-ikw#_00016,3
2GNf-UI-ikw#_00019,0
2GNf-UI-ikw#_00020,0
2GNf-UI-ikw#_00021,0
2GNf-UI-ikw#_00022,0
2GNf-UI-ikw#_00023,1
2GNf-UI-ikw#_00024,2
2GNf-UI-ikw#_00025,0
2kLMCszbZpI#_00002,0
2kLMCszbZpI#_00003,0
2kLMCszbZpI#_00004,0
2kLMCszbZpI#_00005,0
2kLMCszbZpI#_00006,2
2kLMCszbZpI#_00007,2
2kLMCszbZpI#_00008,0
2kLMCszbZpI#_00009,2
2kLMCszbZpI#_00010,2
2kLMCszbZpI#_00013,0
2kLMCszbZpI#_00014,0
2kLMCszbZpI#_00015,1
2kLMCszbZpI#_00016,0
2kLMCszbZpI#_00017,0
2kLMCszbZpI#_00018,0
2kLMCszbZpI#_00019,0
2kLMCszbZpI#_00020,2
2kLMCszbZpI#_00021,2
2kLMCszbZpI#_00022,2
2kLMCszbZpI#_00023,0
2rN-dy6c320#_00001,0
2rN-dy6c320#_00002,0
2rN-dy6c320#_00003,0
2rN-dy6c320#_00004,0
2rN-dy6c320#_00005,0
2rN-dy6c320#_00006,0
2rN-dy6c320#_00007,0
2rN-dy6c320#_00008,2
2rN-dy6c320#_00009,0
2rN-dy6c320#_00010,0
2rN-dy6c320#_00011,0
2rN-dy6c320#_00012,0
2rN-dy6c320#_00013,0
2TO5c9hz-bo#_00001,0
2TO5c9hz-bo#_00002,0
2TO5c9hz-bo#_00003,0
2TO5c9hz-bo#_00004,0
2TO5c9hz-bo#_00005,0
2TO5c9hz-bo#_00006,0
2TO5c9hz-bo#_00007,2
2TO5c9hz-bo#_00008,0
2TO5c9hz-bo#_00009,0
2TO5c9hz-bo#_00010,0
2TO5c9hz-bo#_00011,0
2TO5c9hz-bo#_00012,3
2TO5c9hz-bo#_00013,0
2TO5c9hz-bo#_00014,0
2TO5c9hz-bo#_00015,2
2Tw4aXGt-_Q#_00001,0
2Tw4aXGt-_Q#_00002,0
2Tw4aXGt-_Q#_00003,0
2Tw4aXGt-_Q#_00004,2
2Tw4aXGt-_Q#_00005,0
2Tw4aXGt-_Q#_00006,0
2Tw4aXGt-_Q#_00007,0
2Tw4aXGt-_Q#_00008,0
2Tw4aXGt-_Q#_00009,2
2Tw4aXGt-_Q#_00010,1
2Tw4aXGt-_Q#_00011,2
2Tw4aXGt-_Q#_00012,2
2Tw4aXGt-_Q#_00013,2
2Tw4aXGt-_Q#_00016,0
2Tw4aXGt-_Q#_00017,0
2Tw4aXGt-_Q#_00018,0
2Tw4aXGt-_Q#_00019,0
2Tw4aXGt-_Q#_00020,0
2Tw4aXGt-_Q#_00021,2
2Tw4aXGt-_Q#_00022,3
2Tw4aXGt-_Q#_00023,0
2Tw4aXGt-_Q#_00024,0
2Tw4aXGt-_Q#_00025,2
2Tw4aXGt-_Q#_00026,0
2Tw4aXGt-_Q#_00027,1
2Tw4aXGt-_Q#_00028,2
2Tw4aXGt-_Q#_00029,2
2Tw4aXGt-_Q#_00030,2
2Tw4aXGt-_Q#_00031,2
2Tw4aXGt-_Q#_00032,1
2Tw4aXGt-_Q#_00033,2
2Tw4aXGt-_Q#_00034,3
2Tw4aXGt-_Q#_00035,1
2Tw4aXGt-_Q#_00037,3
2Tw4aXGt-_Q#_00038,0
2Tw4aXGt-_Q#_00039,0
2Tw4aXGt-_Q#_00040,0
2Tw4aXGt-_Q#_00041,2
2Tw4aXGt-_Q#_00042,3
2Tw4aXGt-_Q#_00043,0
2W3sGFUlEoU#_00001,0
2W3sGFUlEoU#_00002,0
2W3sGFUlEoU#_00003,0
2W3sGFUlEoU#_00004,1
2W3sGFUlEoU#_00007,0
2W3sGFUlEoU#_00008,0
2W3sGFUlEoU#_00009,0
2W3sGFUlEoU#_00010,0
2W3sGFUlEoU#_00011,1
2W3sGFUlEoU#_00012,2
2W3sGFUlEoU#_00013,1
2W3sGFUlEoU#_00014,1
2W3sGFUlEoU#_00015,0
2W3sGFUlEoU#_00016,1
2W3sGFUlEoU#_00017,0
2W3sGFUlEoU#_00018,1
2W3sGFUlEoU#_00019,0
2W3sGFUlEoU#_00020,2
2W3sGFUlEoU#_00021,2
2W3sGFUlEoU#_00022,3
2W3sGFUlEoU#_00023,2
2W3sGFUlEoU#_00024,3
2W3sGFUlEoU#_00025,2
2W3sGFUlEoU#_00026,0
2W3sGFUlEoU#_00027,0
2W3sGFUlEoU#_00028,0
2W3sGFUlEoU#_00029,2
2W3sGFUlEoU#_00030,2
2W3sGFUlEoU#_00031,1
2W3sGFUlEoU#_00032,2
2W3sGFUlEoU#_00033,0
2W3sGFUlEoU#_00034,0
2W3sGFUlEoU#_00035,0
2Y5Botrgi-8#_00003,0
2Y5Botrgi-8#_00004,0
2Y5Botrgi-8#_00005,0
2Y5Botrgi-8#_00006,2
2Y5Botrgi-8#_00007,0
2Y5Botrgi-8#_00008,0
2Y5Botrgi-8#_00009,0
2Y5Botrgi-8#_00010,0
2Y5Botrgi-8#_00011,0
2Y5Botrgi-8#_00012,1
2Y5Botrgi-8#_00013,2
2Y5Botrgi-8#_00014,0
2Y5Botrgi-8#_00015,2
2Y5Botrgi-8#_00022,0
2Y5Botrgi-8#_00023,0
2Y5Botrgi-8#_00024,0
2Y5Botrgi-8#_00025,0
2Y5Botrgi-8#_00026,0
2Y5Botrgi-8#_00027,2
2Y5Botrgi-8#_00032,0
2Y5Botrgi-8#_00033,1
2Y5Botrgi-8#_00034,0
2Y5Botrgi-8#_00035,0
2Y5Botrgi-8#_00036,0
2Y5Botrgi-8#_00037,2
2Y5Botrgi-8#_00038,0
2Y5Botrgi-8#_00039,2
2Y5Botrgi-8#_00041,0
2Y5Botrgi-8#_00042,0
2Y5Botrgi-8#_00043,0
2Y5Botrgi-8#_00044,0
2Y5Botrgi-8#_00045,0
2Y5Botrgi-8#_00046,0
2Y5Botrgi-8#_00047,0
2Y5Botrgi-8#_00048,0
2Y5Botrgi-8#_00049,2
2Y5Botrgi-8#_00050,2
2Y5Botrgi-8#_00056,0
2Y5Botrgi-8#_00057,0
2Y5Botrgi-8#_00058,0
2Y5Botrgi-8#_00059,0
2Y5Botrgi-8#_00060,2
2Y5Botrgi-8#_00061,0
2Y5Botrgi-8#_00062,2
2Y5Botrgi-8#_00063,2
2Y5Botrgi-8#_00064,3
2Y5Botrgi-8#_00065,2
2Y5Botrgi-8#_00066,0
2Y5Botrgi-8#_00069,0
2Y5Botrgi-8#_00070,0
2Y5Botrgi-8#_00071,0
2Y5Botrgi-8#_00072,0
2Y5Botrgi-8#_00073,0
2Y5Botrgi-8#_00074,2
327o3HdTV2I#_00001,0
327o3HdTV2I#_00002,1
327o3HdTV2I#_00003,0
327o3HdTV2I#_00004,1
327o3HdTV2I#_00005,1
327o3HdTV2I#_00006,1
327o3HdTV2I#_00007,2
327o3HdTV2I#_00008,1
327o3HdTV2I#_00009,1
327o3HdTV2I#_00010,1
327o3HdTV2I#_00012,0
327o3HdTV2I#_00013,0
327o3HdTV2I#_00014,0
327o3HdTV2I#_00015,0
327o3HdTV2I#_00016,2
327o3HdTV2I#_00017,1
327o3HdTV2I#_00018,0
33K_91IUNCc#_00008,0
33K_91IUNCc#_00009,0
33K_91IUNCc#_00010,0
33K_91IUNCc#_00011,0
33K_91IUNCc#_00012,0
33K_91IUNCc#_00013,0
33K_91IUNCc#_00014,0
33K_91IUNCc#_00015,0
33K_91IUNCc#_00016,0
33K_91IUNCc#_00017,0
33K_91IUNCc#_00018,3
33K_91IUNCc#_00023,0
33K_91IUNCc#_00024,0
33K_91IUNCc#_00025,0
33K_91IUNCc#_00026,0
33K_91IUNCc#_00027,0
33K_91IUNCc#_00028,1
33K_91IUNCc#_00029,2
36p4ed_Q8Pk#_00001,0
36p4ed_Q8Pk#_00002,0
36p4ed_Q8Pk#_00003,0
36p4ed_Q8Pk#_00004,0
36p4ed_Q8Pk#_00005,0
36p4ed_Q8Pk#_00006,0
36p4ed_Q8Pk#_00007,0
36p4ed_Q8Pk#_00008,2
36p4ed_Q8Pk#_00009,3
36p4ed_Q8Pk#_00010,3
36p4ed_Q8Pk#_00013,0
36p4ed_Q8Pk#_00014,0
36p4ed_Q8Pk#_00015,0
36p4ed_Q8Pk#_00016,0
36p4ed_Q8Pk#_00017,0
36p4ed_Q8Pk#_00018,0
36p4ed_Q8Pk#_00019,3
36p4ed_Q8Pk#_00021,0
36p4ed_Q8Pk#_00022,0
36p4ed_Q8Pk#_00023,0
36p4ed_Q8Pk#_00024,2
36p4ed_Q8Pk#_00025,0
36p4ed_Q8Pk#_00026,3
36p4ed_Q8Pk#_00027,2
3Bi23Hfs9iE#_00001,0
3Bi23Hfs9iE#_00002,0
3Bi23Hfs9iE#_00003,0
3Bi23Hfs9iE#_00004,0
3Bi23Hfs9iE#_00005,0
3Bi23Hfs9iE#_00006,0
3Bi23Hfs9iE#_00007,0
3Bi23Hfs9iE#_00008,0
3Bi23Hfs9iE#_00009,0
3Bi23Hfs9iE#_00010,2
3Bi23Hfs9iE#_00011,0
3Bi23Hfs9iE#_00012,0
3Bi23Hfs9iE#_00013,0
3Bi23Hfs9iE#_00014,0
3Bi23Hfs9iE#_00015,0
3Bi23Hfs9iE#_00016,2
3Bi23Hfs9iE#_00020,0
3Bi23Hfs9iE#_00022,1
3Bi23Hfs9iE#_00023,0
3Bi23Hfs9iE#_00024,0
3Bi23Hfs9iE#_00025,0
3Bi23Hfs9iE#_00026,0
3Bi23Hfs9iE#_00027,0
3Bi23Hfs9iE#_00028,0
3Bi23Hfs9iE#_00029,0
3Bi23Hfs9iE#_00030,0
3Bi23Hfs9iE#_00031,2
3Bi23Hfs9iE#_00032,2
3Bi23Hfs9iE#_00033,0
3Bi23Hfs9iE#_00034,0
3Bi23Hfs9iE#_00035,0
3Bi23Hfs9iE#_00036,0
3Bi23Hfs9iE#_00037,2
3Bi23Hfs9iE#_00040,0
3Bi23Hfs9iE#_00041,0
3Bi23Hfs9iE#_00042,0
3Bi23Hfs9iE#_00043,0
3Bi23Hfs9iE#_00044,1
3Bi23Hfs9iE#_00045,1
3Bi23Hfs9iE#_00046,0
3Bi23Hfs9iE#_00047,1
3Bi23Hfs9iE#_00048,0
3Bi23Hfs9iE#_00049,0
3Bi23Hfs9iE#_00050,1
3Bi23Hfs9iE#_00051,2
3Bi23Hfs9iE#_00052,2
3Bi23Hfs9iE#_00053,0
3Bi23Hfs9iE#_00057,0
3Bi23Hfs9iE#_00058,0
3Bi23Hfs9iE#_00059,0
3Bi23Hfs9iE#_00060,0
3Bi23Hfs9iE#_00061,0
3Bi23Hfs9iE#_00062,0
3Bi23Hfs9iE#_00063,0
3Bi23Hfs9iE#_00064,0
3Bi23Hfs9iE#_00067,0
3Bi23Hfs9iE#_00068,0
3Bi23Hfs9iE#_00069,0
3Bi23Hfs9iE#_00070,0
3Bi23Hfs9iE#_00071,0
3Bi23Hfs9iE#_00072,2
3Bi23Hfs9iE#_00073,1
3Bi23Hfs9iE#_00074,2
3Bi23Hfs9iE#_00075,2
3Bi23Hfs9iE#_00080,0
3Bi23Hfs9iE#_00081,0
3Bi23Hfs9iE#_00082,0
3Bi23Hfs9iE#_00083,0
3Bi23Hfs9iE#_00084,2
3Bi23Hfs9iE#_00085,0
3Bi23Hfs9iE#_00088,0
3Bi23Hfs9iE#_00089,0
3Bi23Hfs9iE#_00090,0
3Bi23Hfs9iE#_00091,0
3GtweTtguck#_00001,0
3GtweTtguck#_00002,0
3GtweTtguck#_00003,2
3GtweTtguck#_00004,2
3GtweTtguck#_00005,3
3GtweTtguck#_00007,0
3GtweTtguck#_00008,1
3GtweTtguck#_00009,0
3GtweTtguck#_00010,0
3GtweTtguck#_00011,1
3GtweTtguck#_00012,1
3GtweTtguck#_00013,0
3GtweTtguck#_00014,0
3GtweTtguck#_00015,0
3GtweTtguck#_00016,2
3GtweTtguck#_00017,0
3GtweTtguck#_00018,2
3GtweTtguck#_00019,2
3GtweTtguck#_00021,0
3GtweTtguck#_00022,0
3GtweTtguck#_00023,0
3GtweTtguck#_00024,0
3GtweTtguck#_00025,0
3GtweTtguck#_00026,0
3GtweTtguck#_00027,3
3GtweTtguck#_00028,2
3GtweTtguck#_00029,1
3GtweTtguck#_00030,0
3GtweTtguck#_00031,2
3HgkuDeGSpY#_00001,0
3HgkuDeGSpY#_00002,0
3HgkuDeGSpY#_00003,0
3HgkuDeGSpY#_00004,0
3HgkuDeGSpY#_00005,0
3HgkuDeGSpY#_00006,0
3HgkuDeGSpY#_00007,0
3HgkuDeGSpY#_00008,0
3HgkuDeGSpY#_00009,0
3HgkuDeGSpY#_00010,0
3HgkuDeGSpY#_00011,3
3HgkuDeGSpY#_00012,0
3HgkuDeGSpY#_00013,2
3HgkuDeGSpY#_00014,0
3HgkuDeGSpY#_00015,0
3HgkuDeGSpY#_00016,0
3HgkuDeGSpY#_00017,0
3HgkuDeGSpY#_00018,2
3HgkuDeGSpY#_00019,1
3HgkuDeGSpY#_00020,0
3HgkuDeGSpY#_00021,2
3N3AOb6-yYM#_00003,0
3N3AOb6-yYM#_00004,0
3N3AOb6-yYM#_00005,0
3N3AOb6-yYM#_00006,0
3N3AOb6-yYM#_00007,0
3N3AOb6-yYM#_00008,0
3N3AOb6-yYM#_00009,0
3N3AOb6-yYM#_00010,0
3N3AOb6-yYM#_00011,0
3N3AOb6-yYM#_00012,0
3N3AOb6-yYM#_00013,2
3N3AOb6-yYM#_00014,2
3N3AOb6-yYM#_00015,2
3N3AOb6-yYM#_00016,1
3N3AOb6-yYM#_00017,1
3N3AOb6-yYM#_00019,0
3N3AOb6-yYM#_00020,0
3N3AOb6-yYM#_00021,0
3N3AOb6-yYM#_00022,2
3N3AOb6-yYM#_00023,2
3N3AOb6-yYM#_00024,0
3N3AOb6-yYM#_00025,2
3N3AOb6-yYM#_00027,0
3N3AOb6-yYM#_00028,0
3N3AOb6-yYM#_00029,0
3N3AOb6-yYM#_00030,2
3N3AOb6-yYM#_00031,0
3N3AOb6-yYM#_00032,0
3N3AOb6-yYM#_00033,2
3N3AOb6-yYM#_00034,0
3N3AOb6-yYM#_00035,2
3N3AOb6-yYM#_00036,2
3N3AOb6-yYM#_00038,0
3N3AOb6-yYM#_00039,0
3N3AOb6-yYM#_00040,0
3N3AOb6-yYM#_00041,0
3N3AOb6-yYM#_00042,0
3N3AOb6-yYM#_00043,2
3N3AOb6-yYM#_00044,2
3N3AOb6-yYM#_00045,2
3N3AOb6-yYM#_00046,0
3N3AOb6-yYM#_00047,2
3RYOjJHmdP8#_00001,0
3RYOjJHmdP8#_00002,0
3RYOjJHmdP8#_00003,0
3RYOjJHmdP8#_00004,2
3RYOjJHmdP8#_00005,2
3RYOjJHmdP8#_00006,0
3RYOjJHmdP8#_00007,0
3RYOjJHmdP8#_00008,0
3RYOjJHmdP8#_00009,0
3RYOjJHmdP8#_00010,0
3RYOjJHmdP8#_00011,3
3RYOjJHmdP8#_00012,0
3RYOjJHmdP8#_00013,0
3RYOjJHmdP8#_00014,0
3RYOjJHmdP8#_00015,0
3RYOjJHmdP8#_00016,0
3RYOjJHmdP8#_00017,0
3RYOjJHmdP8#_00018,2
3RYOjJHmdP8#_00019,1
3RYOjJHmdP8#_00020,2
3RYOjJHmdP8#_00021,2
3RYOjJHmdP8#_00022,0
3RYOjJHmdP8#_00023,0
3RYOjJHmdP8#_00024,2
3RYOjJHmdP8#_00025,2
3RYOjJHmdP8#_00026,0
3RYOjJHmdP8#_00027,0
3RYOjJHmdP8#_00028,2
3RYOjJHmdP8#_00029,0
3RYOjJHmdP8#_00030,2
3RYOjJHmdP8#_00031,3
3RYOjJHmdP8#_00032,3
3RYOjJHmdP8#_00033,1
3RYOjJHmdP8#_00034,2
3YORxKV9kHI#_00001,0
3YORxKV9kHI#_00002,0
3YORxKV9kHI#_00003,0
3YORxKV9kHI#_00004,0
3YORxKV9kHI#_00005,0
3YORxKV9kHI#_00006,0
3YORxKV9kHI#_00007,2
3YORxKV9kHI#_00008,0
3YORxKV9kHI#_00009,3
3YORxKV9kHI#_00010,2
3YORxKV9kHI#_00011,3
3YORxKV9kHI#_00012,2
3YORxKV9kHI#_00014,0
3YORxKV9kHI#_00015,0
3YORxKV9kHI#_00016,0
3YORxKV9kHI#_00017,0
3YORxKV9kHI#_00018,1
3YORxKV9kHI#_00019,0
3YORxKV9kHI#_00020,0
3YORxKV9kHI#_00021,2
3YORxKV9kHI#_00022,2
3YORxKV9kHI#_00023,0
3YORxKV9kHI#_00024,2
3YORxKV9kHI#_00025,0
3YORxKV9kHI#_00026,2
3YORxKV9kHI#_00027,2
3YORxKV9kHI#_00028,1
3YORxKV9kHI#_00029,2
43jVe5xlKvQ#_00001,0
43jVe5xlKvQ#_00002,0
43jVe5xlKvQ#_00003,0
43jVe5xlKvQ#_00004,1
43jVe5xlKvQ#_00005,0
43jVe5xlKvQ#_00006,0
43jVe5xlKvQ#_00007,0
43jVe5xlKvQ#_00008,0
43jVe5xlKvQ#_00009,1
43jVe5xlKvQ#_00010,0
43jVe5xlKvQ#_00011,0
43jVe5xlKvQ#_00012,2
43jVe5xlKvQ#_00013,0
43jVe5xlKvQ#_00014,1
43jVe5xlKvQ#_00015,3
43jVe5xlKvQ#_00017,0
43jVe5xlKvQ#_00018,0
43jVe5xlKvQ#_00019,2
43jVe5xlKvQ#_00020,0
43jVe5xlKvQ#_00021,0
43jVe5xlKvQ#_00022,0
43jVe5xlKvQ#_00023,0
43jVe5xlKvQ#_00024,2
43jVe5xlKvQ#_00025,0
43jVe5xlKvQ#_00026,2
43jVe5xlKvQ#_00027,3
43jVe5xlKvQ#_00028,1
43jVe5xlKvQ#_00029,2
43jVe5xlKvQ#_00030,2
43jVe5xlKvQ#_00031,3
43jVe5xlKvQ#_00032,2
43jVe5xlKvQ#_00033,2
43jVe5xlKvQ#_00034,0
43jVe5xlKvQ#_00035,0
43jVe5xlKvQ#_00036,0
43jVe5xlKvQ#_00037,0
43jVe5xlKvQ#_00038,0
43jVe5xlKvQ#_00039,0
43jVe5xlKvQ#_00040,1
43jVe5xlKvQ#_00041,0
43jVe5xlKvQ#_00042,2
43jVe5xlKvQ#_00043,0
43jVe5xlKvQ#_00044,2
43jVe5xlKvQ#_00045,2
43jVe5xlKvQ#_00046,2
43jVe5xlKvQ#_00047,0
43jVe5xlKvQ#_00048,0
43jVe5xlKvQ#_00049,0
43jVe5xlKvQ#_00050,0
43jVe5xlKvQ#_00051,0
43jVe5xlKvQ#_00052,2
44USpgd0WxU#_00001,0
44USpgd0WxU#_00002,0
44USpgd0WxU#_00003,0
44USpgd0WxU#_00004,1
44USpgd0WxU#_00005,0
44USpgd0WxU#_00006,1
44USpgd0WxU#_00007,2
44USpgd0WxU#_00008,0
44USpgd0WxU#_00009,0
44USpgd0WxU#_00010,1
44USpgd0WxU#_00011,4
44USpgd0WxU#_00012,0
44USpgd0WxU#_00013,0
44USpgd0WxU#_00014,3
44USpgd0WxU#_00015,2
44USpgd0WxU#_00016,2
44USpgd0WxU#_00017,1
44USpgd0WxU#_00018,2
44USpgd0WxU#_00019,2
44USpgd0WxU#_00020,3
44USpgd0WxU#_00021,3
44USpgd0WxU#_00022,0
44USpgd0WxU#_00023,0
44USpgd0WxU#_00024,0
44USpgd0WxU#_00025,0
44USpgd0WxU#_00026,0
44USpgd0WxU#_00027,0
44USpgd0WxU#_00028,0
44USpgd0WxU#_00029,2
44USpgd0WxU#_00030,3
44USpgd0WxU#_00031,0
44USpgd0WxU#_00032,0
44USpgd0WxU#_00033,3
44USpgd0WxU#_00034,2
44USpgd0WxU#_00035,0
44USpgd0WxU#_00039,0
44USpgd0WxU#_00040,0
44USpgd0WxU#_00041,1
44USpgd0WxU#_00042,2
44USpgd0WxU#_00043,2
4W_XW6LR1To#_00001,0
4W_XW6LR1To#_00002,1
4W_XW6LR1To#_00003,0
4W_XW6LR1To#_00004,0
4W_XW6LR1To#_00005,0
4W_XW6LR1To#_00006,0
4W_XW6LR1To#_00007,2
4W_XW6LR1To#_00008,0
4W_XW6LR1To#_00009,0
4W_XW6LR1To#_00010,0
4W_XW6LR1To#_00011,0
4W_XW6LR1To#_00013,0
4W_XW6LR1To#_00014,0
4W_XW6LR1To#_00015,0
4W_XW6LR1To#_00016,2
4W_XW6LR1To#_00017,0
4W_XW6LR1To#_00018,0
4W_XW6LR1To#_00019,0
4W_XW6LR1To#_00020,3
50DkG8NDR-M#_00001,0
50DkG8NDR-M#_00002,0
50DkG8NDR-M#_00003,0
50DkG8NDR-M#_00004,0
50DkG8NDR-M#_00005,0
50DkG8NDR-M#_00006,0
50DkG8NDR-M#_00007,1
50DkG8NDR-M#_00008,0
50DkG8NDR-M#_00009,2
50DkG8NDR-M#_00010,0
50DkG8NDR-M#_00011,3
50DkG8NDR-M#_00012,2
50DkG8NDR-M#_00016,0
50DkG8NDR-M#_00017,0
50DkG8NDR-M#_00018,0
50DkG8NDR-M#_00019,0
50DkG8NDR-M#_00020,0
50DkG8NDR-M#_00021,3
50DkG8NDR-M#_00022,2
50DkG8NDR-M#_00023,3
50DkG8NDR-M#_00024,0
50DkG8NDR-M#_00025,0
50DkG8NDR-M#_00026,2
50DkG8NDR-M#_00027,0
50DkG8NDR-M#_00028,0
50DkG8NDR-M#_00029,0
50DkG8NDR-M#_00030,2
50DkG8NDR-M#_00031,0
50DkG8NDR-M#_00032,2
50DkG8NDR-M#_00034,0
50DkG8NDR-M#_00035,0
50DkG8NDR-M#_00036,2
50DkG8NDR-M#_00037,0
50DkG8NDR-M#_00038,0
50DkG8NDR-M#_00039,0
55ymmkZfmfQ#_00001,0
55ymmkZfmfQ#_00002,0
55ymmkZfmfQ#_00003,0
55ymmkZfmfQ#_00004,0
55ymmkZfmfQ#_00005,0
55ymmkZfmfQ#_00006,0
55ymmkZfmfQ#_00007,0
55ymmkZfmfQ#_00008,2
55ymmkZfmfQ#_00009,0
55ymmkZfmfQ#_00010,0
55ymmkZfmfQ#_00011,3
55ymmkZfmfQ#_00013,0
55ymmkZfmfQ#_00014,0
55ymmkZfmfQ#_00015,0
55ymmkZfmfQ#_00016,0
55ymmkZfmfQ#_00017,0
55ymmkZfmfQ#_00018,0
55ymmkZfmfQ#_00019,0
55ymmkZfmfQ#_00020,0
55ymmkZfmfQ#_00021,0
55ymmkZfmfQ#_00022,3
55ymmkZfmfQ#_00023,0
55ymmkZfmfQ#_00024,3
55ymmkZfmfQ#_00025,0
55ymmkZfmfQ#_00026,0
55ymmkZfmfQ#_00027,0
55ymmkZfmfQ#_00028,0
55ymmkZfmfQ#_00029,0
55ymmkZfmfQ#_00030,2
55ymmkZfmfQ#_00031,3
5FGnUhB-8gg#_00002,0
5FGnUhB-8gg#_00003,0
5FGnUhB-8gg#_00004,0
5FGnUhB-8gg#_00005,1
5FGnUhB-8gg#_00006,0
5FGnUhB-8gg#_00007,0
5FGnUhB-8gg#_00008,2
5FGnUhB-8gg#_00009,2
5FGnUhB-8gg#_00010,0
5FGnUhB-8gg#_00011,3
5FGnUhB-8gg#_00012,0
5FGnUhB-8gg#_00015,0
5FGnUhB-8gg#_00016,0
5FGnUhB-8gg#_00017,0
5FGnUhB-8gg#_00018,2
5FGnUhB-8gg#_00019,2
5FGnUhB-8gg#_00020,0
5FGnUhB-8gg#_00021,0
5FGnUhB-8gg#_00022,2
5FGnUhB-8gg#_00023,0
5FGnUhB-8gg#_00024,3
5FGnUhB-8gg#_00025,0
5FGnUhB-8gg#_00026,0
5FGnUhB-8gg#_00027,0
5FGnUhB-8gg#_00029,0
5FGnUhB-8gg#_00030,0
5FGnUhB-8gg#_00031,0
5FGnUhB-8gg#_00032,0
5FGnUhB-8gg#_00033,1
5FGnUhB-8gg#_00034,3
5FGnUhB-8gg#_00035,3
5Km8AjTwt-Y#_00001,0
5Km8AjTwt-Y#_00002,0
5Km8AjTwt-Y#_00003,0
5Km8AjTwt-Y#_00004,0
5Km8AjTwt-Y#_00005,2
5Km8AjTwt-Y#_00006,2
5Km8AjTwt-Y#_00007,0
5Km8AjTwt-Y#_00008,0
5Km8AjTwt-Y#_00009,0
5Km8AjTwt-Y#_00010,0
5Km8AjTwt-Y#_00011,0
5Km8AjTwt-Y#_00014,0
5Km8AjTwt-Y#_00015,0
5Km8AjTwt-Y#_00016,0
5Km8AjTwt-Y#_00017,1
5Km8AjTwt-Y#_00018,0
5Km8AjTwt-Y#_00019,2
5NEDdZuURvU#_00010,0
5NEDdZuURvU#_00011,0
5NEDdZuURvU#_00012,0
5NEDdZuURvU#_00013,0
5NEDdZuURvU#_00014,2
5NEDdZuURvU#_00015,0
5NEDdZuURvU#_00016,0
5NEDdZuURvU#_00017,3
5NEDdZuURvU#_00018,0
5NEDdZuURvU#_00019,0
5NEDdZuURvU#_00020,0
5NEDdZuURvU#_00021,2
5NEDdZuURvU#_00022,2
5NEDdZuURvU#_00023,2
5NEDdZuURvU#_00024,2
5NEDdZuURvU#_00025,0
5NEDdZuURvU#_00026,2
5NEDdZuURvU#_00029,0
5NEDdZuURvU#_00030,0
5NEDdZuURvU#_00031,0
5NEDdZuURvU#_00032,0
5NEDdZuURvU#_00033,0
5NEDdZuURvU#_00034,0
5NEDdZuURvU#_00035,2
5NEDdZuURvU#_00036,2
5NEDdZuURvU#_00037,3
5NEDdZuURvU#_00038,3
5NEDdZuURvU#_00039,2
5NEDdZuURvU#_00040,0
5NEDdZuURvU#_00041,3
5NEDdZuURvU#_00042,1
5NEDdZuURvU#_00043,2
5NEDdZuURvU#_00044,0
5NEDdZuURvU#_00045,0
5NEDdZuURvU#_00046,0
5NEDdZuURvU#_00047,0
5NEDdZuURvU#_00048,0
5NEDdZuURvU#_00049,0
5NEDdZuURvU#_00050,0
5NEDdZuURvU#_00051,1
5NEDdZuURvU#_00052,0
5NEDdZuURvU#_00053,2
5NEDdZuURvU#_00054,0
5NEDdZuURvU#_00055,2
5NEDdZuURvU#_00056,2
5NEDdZuURvU#_00057,2
5NEDdZuURvU#_00059,0
5NEDdZuURvU#_00060,0
5NEDdZuURvU#_00061,0
5NEDdZuURvU#_00062,0
5NEDdZuURvU#_00063,0
5NEDdZuURvU#_00064,0
5NEDdZuURvU#_00065,0
5NEDdZuURvU#_00066,2
5NEDdZuURvU#_00067,0
5NEDdZuURvU#_00068,2
5qlORGPU9IQ#_00001,0
5qlORGPU9IQ#_00002,0
5qlORGPU9IQ#_00003,0
5qlORGPU9IQ#_00004,0
5qlORGPU9IQ#_00005,2
5qlORGPU9IQ#_00006,0
5qlORGPU9IQ#_00007,2
5qlORGPU9IQ#_00010,0
5qlORGPU9IQ#_00011,0
5qlORGPU9IQ#_00012,0
5qlORGPU9IQ#_00013,2
5qlORGPU9IQ#_00014,2
5qlORGPU9IQ#_00015,0
5qlORGPU9IQ#_00016,0
5qlORGPU9IQ#_00017,1
5qlORGPU9IQ#_00018,1
5qlORGPU9IQ#_00019,3
5qlORGPU9IQ#_00020,3
5qlORGPU9IQ#_00021,3
5qlORGPU9IQ#_00022,0
6fv0l4dKtmc#_00001,0
6fv0l4dKtmc#_00002,0
6fv0l4dKtmc#_00003,0
6fv0l4dKtmc#_00004,0
6fv0l4dKtmc#_00005,0
6fv0l4dKtmc#_00006,0
6fv0l4dKtmc#_00007,0
6fv0l4dKtmc#_00008,0
6fv0l4dKtmc#_00009,0
6fv0l4dKtmc#_00010,3
6fv0l4dKtmc#_00011,3
6fv0l4dKtmc#_00013,0
6fv0l4dKtmc#_00014,0
6fv0l4dKtmc#_00015,2
6fv0l4dKtmc#_00016,2
6fv0l4dKtmc#_00017,0
6fv0l4dKtmc#_00018,2
6fv0l4dKtmc#_00019,2
6fv0l4dKtmc#_00020,2
6fv0l4dKtmc#_00021,1
6fv0l4dKtmc#_00022,2
6fv0l4dKtmc#_00023,2
6fv0l4dKtmc#_00024,2
6JsXkoY_lss#_00001,0
6JsXkoY_lss#_00002,0
6JsXkoY_lss#_00003,1
6JsXkoY_lss#_00004,0
6JsXkoY_lss#_00005,2
6JsXkoY_lss#_00006,0
6JsXkoY_lss#_00007,0
6JsXkoY_lss#_00008,3
6JsXkoY_lss#_00009,0
6JsXkoY_lss#_00010,2
6JsXkoY_lss#_00011,2
6JsXkoY_lss#_00012,0
6JsXkoY_lss#_00013,1
6JsXkoY_lss#_00014,0
6JsXkoY_lss#_00015,2
6JsXkoY_lss#_00016,0
6JsXkoY_lss#_00017,0
6JsXkoY_lss#_00018,1
6JsXkoY_lss#_00019,2
6JsXkoY_lss#_00020,3
6JsXkoY_lss#_00021,3
6JsXkoY_lss#_00022,0
6JsXkoY_lss#_00023,2
6JsXkoY_lss#_00024,1
6JsXkoY_lss#_00025,0
6JsXkoY_lss#_00026,0
6JsXkoY_lss#_00027,2
6JsXkoY_lss#_00028,0
6JsXkoY_lss#_00029,0
6JsXkoY_lss#_00030,0
6JsXkoY_lss#_00031,3
6JsXkoY_lss#_00032,2
6JsXkoY_lss#_00033,3
6JsXkoY_lss#_00034,0
6JsXkoY_lss#_00035,2
6JsXkoY_lss#_00036,1
6JsXkoY_lss#_00037,2
6JsXkoY_lss#_00038,0
6JsXkoY_lss#_00039,0
6JsXkoY_lss#_00040,2
6muyqx8vtNE#_00002,0
6muyqx8vtNE#_00003,0
6muyqx8vtNE#_00004,0
6muyqx8vtNE#_00005,0
6muyqx8vtNE#_00006,0
6muyqx8vtNE#_00007,0
6muyqx8vtNE#_00008,2
6muyqx8vtNE#_00009,0
6muyqx8vtNE#_00010,0
6muyqx8vtNE#_00011,3
6muyqx8vtNE#_00012,0
6muyqx8vtNE#_00014,0
6muyqx8vtNE#_00015,0
6muyqx8vtNE#_00016,0
6muyqx8vtNE#_00017,0
6muyqx8vtNE#_00018,0
6muyqx8vtNE#_00019,0
6muyqx8vtNE#_00020,2
6muyqx8vtNE#_00021,0
6muyqx8vtNE#_00022,2
6muyqx8vtNE#_00023,3
6muyqx8vtNE#_00024,0
6muyqx8vtNE#_00025,3
6muyqx8vtNE#_00026,2
6muyqx8vtNE#_00027,3
6muyqx8vtNE#_00030,0
6muyqx8vtNE#_00031,0
6muyqx8vtNE#_00032,0
6muyqx8vtNE#_00033,0
6muyqx8vtNE#_00035,2
6muyqx8vtNE#_00036,2
6muyqx8vtNE#_00037,2
6muyqx8vtNE#_00038,2
6muyqx8vtNE#_00039,2
6muyqx8vtNE#_00040,3
6muyqx8vtNE#_00041,0
6muyqx8vtNE#_00042,0
6muyqx8vtNE#_00043,0
6muyqx8vtNE#_00044,2
6muyqx8vtNE#_00045,0
6muyqx8vtNE#_00046,1
6muyqx8vtNE#_00047,0
6muyqx8vtNE#_00048,1
6muyqx8vtNE#_00049,0
6muyqx8vtNE#_00050,0
6muyqx8vtNE#_00051,0
6muyqx8vtNE#_00052,3
6muyqx8vtNE#_00053,0
6muyqx8vtNE#_00054,0
6muyqx8vtNE#_00057,0
6muyqx8vtNE#_00058,0
6muyqx8vtNE#_00059,0
6muyqx8vtNE#_00060,0
6muyqx8vtNE#_00061,0
6muyqx8vtNE#_00062,1
6muyqx8vtNE#_00063,0
6muyqx8vtNE#_00064,0
6muyqx8vtNE#_00065,3
6muyqx8vtNE#_00066,0
6muyqx8vtNE#_00067,0
6muyqx8vtNE#_00068,0
6muyqx8vtNE#_00070,0
6muyqx8vtNE#_00071,0
6muyqx8vtNE#_00072,0
6muyqx8vtNE#_00073,0
6muyqx8vtNE#_00074,0
6muyqx8vtNE#_00075,0
6muyqx8vtNE#_00076,3
6muyqx8vtNE#_00080,0
6muyqx8vtNE#_00081,0
6muyqx8vtNE#_00082,0
6muyqx8vtNE#_00083,0
6muyqx8vtNE#_00084,0
6muyqx8vtNE#_00085,0
6muyqx8vtNE#_00086,0
6muyqx8vtNE#_00087,0
6muyqx8vtNE#_00088,3
6muyqx8vtNE#_00089,2
6muyqx8vtNE#_00090,3
6muyqx8vtNE#_00091,3
6UmXHoh9aus#_00001,0
6UmXHoh9aus#_00002,0
6UmXHoh9aus#_00003,0
6UmXHoh9aus#_00004,0
6UmXHoh9aus#_00005,0
6UmXHoh9aus#_00006,3
6UmXHoh9aus#_00007,0
6UmXHoh9aus#_00011,0
6UmXHoh9aus#_00012,0
6UmXHoh9aus#_00013,0
6UmXHoh9aus#_00014,0
6UmXHoh9aus#_00015,2
6UmXHoh9aus#_00016,0
6UmXHoh9aus#_00017,0
6UmXHoh9aus#_00019,0
6UmXHoh9aus#_00020,0
6UmXHoh9aus#_00021,0
6UmXHoh9aus#_00022,0
6UmXHoh9aus#_00023,0
6UmXHoh9aus#_00024,2
6UmXHoh9aus#_00025,2
6UmXHoh9aus#_00026,3
78KAOF_sTf8#_00001,0
78KAOF_sTf8#_00002,0
78KAOF_sTf8#_00003,0
78KAOF_sTf8#_00004,0
78KAOF_sTf8#_00005,0
78KAOF_sTf8#_00006,2
78KAOF_sTf8#_00007,0
78KAOF_sTf8#_00008,0
78KAOF_sTf8#_00009,1
78KAOF_sTf8#_00010,0
78KAOF_sTf8#_00011,3
78KAOF_sTf8#_00012,3
78KAOF_sTf8#_00013,3
78KAOF_sTf8#_00014,0
78KAOF_sTf8#_00015,3
78KAOF_sTf8#_00016,3
78KAOF_sTf8#_00020,0
78KAOF_sTf8#_00021,0
78W3XJmx0XY#_00001,0
78W3XJmx0XY#_00002,0
78W3XJmx0XY#_00003,0
78W3XJmx0XY#_00004,0
78W3XJmx0XY#_00005,2
78W3XJmx0XY#_00006,2
78W3XJmx0XY#_00008,0
78W3XJmx0XY#_00009,0
78W3XJmx0XY#_00010,0
78W3XJmx0XY#_00011,0
78W3XJmx0XY#_00012,0
78W3XJmx0XY#_00013,0
78W3XJmx0XY#_00014,2
78W3XJmx0XY#_00015,0
78W3XJmx0XY#_00016,2
78W3XJmx0XY#_00017,0
78W3XJmx0XY#_00018,2
78W3XJmx0XY#_00019,3
78W3XJmx0XY#_00020,2
7n0OurPdpcs#_00001,0
7n0OurPdpcs#_00002,0
7n0OurPdpcs#_00003,0
7n0OurPdpcs#_00004,0
7n0OurPdpcs#_00005,2
7n0OurPdpcs#_00006,1
7n0OurPdpcs#_00007,2
7n0OurPdpcs#_00008,2
7n0OurPdpcs#_00009,0
7n0OurPdpcs#_00010,3
7n0OurPdpcs#_00011,1
7n0OurPdpcs#_00012,3
7n0OurPdpcs#_00014,0
7n0OurPdpcs#_00015,0
7n0OurPdpcs#_00016,0
7n0OurPdpcs#_00017,2
7n0OurPdpcs#_00018,0
7n0OurPdpcs#_00019,0
7n0OurPdpcs#_00020,2
7n0OurPdpcs#_00021,0
7n0OurPdpcs#_00022,0
7n0OurPdpcs#_00023,0
7n0OurPdpcs#_00024,0
7n0OurPdpcs#_00025,2
7n0OurPdpcs#_00026,1
7n0OurPdpcs#_00027,3
7n0OurPdpcs#_00028,3
7n0OurPdpcs#_00029,1
7n0OurPdpcs#_00030,0
7n0OurPdpcs#_00031,1
7n0OurPdpcs#_00032,2
7n0OurPdpcs#_00033,0
7n0OurPdpcs#_00034,0
7n0OurPdpcs#_00035,4
7n0OurPdpcs#_00036,2
7n0OurPdpcs#_00037,2
7n0OurPdpcs#_00038,2
7n0OurPdpcs#_00040,0
7n0OurPdpcs#_00041,0
7n0OurPdpcs#_00042,0
7n0OurPdpcs#_00043,0
7n0OurPdpcs#_00044,3
7n0OurPdpcs#_00045,0
7n0OurPdpcs#_00046,3
7n0OurPdpcs#_00047,2
7n0OurPdpcs#_00048,2
7n0OurPdpcs#_00049,3
7n0OurPdpcs#_00050,0
7o3nALPqr7g#_00001,0
7o3nALPqr7g#_00002,0
7o3nALPqr7g#_00003,1
7o3nALPqr7g#_00004,0
7o3nALPqr7g#_00005,2
7o3nALPqr7g#_00006,1
7o3nALPqr7g#_00007,0
7o3nALPqr7g#_00008,0
7o3nALPqr7g#_00009,2
7o3nALPqr7g#_00010,1
7o3nALPqr7g#_00011,0
7o3nALPqr7g#_00012,0
7o3nALPqr7g#_00013,0
7o3nALPqr7g#_00014,0
7o3nALPqr7g#_00015,2
7o3nALPqr7g#_00016,3
7o3nALPqr7g#_00017,0
7o3nALPqr7g#_00018,3
7o3nALPqr7g#_00020,0
7o3nALPqr7g#_00021,0
7o3nALPqr7g#_00022,0
7o3nALPqr7g#_00023,0
7tdITkm583o#_00001,0
7tdITkm583o#_00002,0
7tdITkm583o#_00003,0
7tdITkm583o#_00004,0
7tdITkm583o#_00005,1
7tdITkm583o#_00006,0
7tdITkm583o#_00007,3
7tdITkm583o#_00008,0
7tdITkm583o#_00009,3
7tdITkm583o#_00010,1
7tdITkm583o#_00011,3
7tdITkm583o#_00012,3
7tdITkm583o#_00013,3
7tdITkm583o#_00014,3
7tdITkm583o#_00015,0
7tdITkm583o#_00016,0
7tdITkm583o#_00017,1
7tdITkm583o#_00018,2
7tdITkm583o#_00021,0
7tdITkm583o#_00022,0
7tdITkm583o#_00023,0
7tdITkm583o#_00024,1
7tdITkm583o#_00025,0
7tdITkm583o#_00026,0
7tdITkm583o#_00027,0
7tdITkm583o#_00029,0
7tdITkm583o#_00030,0
7tdITkm583o#_00031,0
7tdITkm583o#_00032,1
7tdITkm583o#_00033,0
7tdITkm583o#_00036,0
7tdITkm583o#_00037,0
7tdITkm583o#_00038,0
7tdITkm583o#_00039,1
7ykgNxnWGj4#_00001,0
7ykgNxnWGj4#_00002,0
7ykgNxnWGj4#_00003,0
7ykgNxnWGj4#_00004,0
7ykgNxnWGj4#_00005,1
7ykgNxnWGj4#_00006,0
7ykgNxnWGj4#_00007,0
7ykgNxnWGj4#_00009,0
7ykgNxnWGj4#_00010,0
7ykgNxnWGj4#_00011,0
7ykgNxnWGj4#_00012,0
7ykgNxnWGj4#_00013,1
7ykgNxnWGj4#_00014,0
7ykgNxnWGj4#_00015,2
7ykgNxnWGj4#_00017,0
7ykgNxnWGj4#_00018,0
7ykgNxnWGj4#_00019,1
7ykgNxnWGj4#_00020,0
7ykgNxnWGj4#_00021,0
7ykgNxnWGj4#_00022,0
7ykgNxnWGj4#_00023,2
7ykgNxnWGj4#_00024,1
7ykgNxnWGj4#_00025,0
7ykgNxnWGj4#_00026,0
7ykgNxnWGj4#_00027,0
88FYuhvZA24#_00002,0
88FYuhvZA24#_00003,0
88FYuhvZA24#_00004,0
88FYuhvZA24#_00005,0
88FYuhvZA24#_00006,0
88FYuhvZA24#_00009,0
88FYuhvZA24#_00010,0
88FYuhvZA24#_00011,0
88FYuhvZA24#_00012,0
88FYuhvZA24#_00013,0
88FYuhvZA24#_00014,1
88FYuhvZA24#_00015,2
88FYuhvZA24#_00016,0
88FYuhvZA24#_00017,2
88FYuhvZA24#_00018,0
88FYuhvZA24#_00019,3
88FYuhvZA24#_00020,1
88FYuhvZA24#_00021,0
88FYuhvZA24#_00022,0
88FYuhvZA24#_00023,3
88FYuhvZA24#_00024,3
8guuXg_tMmI#_00001,0
8guuXg_tMmI#_00002,0
8guuXg_tMmI#_00003,1
8guuXg_tMmI#_00004,0
8guuXg_tMmI#_00006,0
8guuXg_tMmI#_00007,2
8guuXg_tMmI#_00010,0
8guuXg_tMmI#_00011,0
8guuXg_tMmI#_00012,0
8guuXg_tMmI#_00013,0
8guuXg_tMmI#_00014,1
8guuXg_tMmI#_00015,0
8guuXg_tMmI#_00016,0
8guuXg_tMmI#_00017,0
8guuXg_tMmI#_00018,3
8HZ2AYZLfTw#_00001,0
8HZ2AYZLfTw#_00002,0
8HZ2AYZLfTw#_00003,0
8HZ2AYZLfTw#_00004,0
8HZ2AYZLfTw#_00005,0
8HZ2AYZLfTw#_00006,0
8HZ2AYZLfTw#_00007,0
8HZ2AYZLfTw#_00008,1
8HZ2AYZLfTw#_00009,2
8HZ2AYZLfTw#_00010,0
8HZ2AYZLfTw#_00011,0
8HZ2AYZLfTw#_00012,0
8HZ2AYZLfTw#_00013,1
8HZ2AYZLfTw#_00014,2
8HZ2AYZLfTw#_00015,3
8HZ2AYZLfTw#_00017,1
8HZ2AYZLfTw#_00018,2
8HZ2AYZLfTw#_00019,2
8HZ2AYZLfTw#_00020,2
8HZ2AYZLfTw#_00021,2
8HZ2AYZLfTw#_00022,1
8HZ2AYZLfTw#_00023,0
8HZ2AYZLfTw#_00025,0
8HZ2AYZLfTw#_00026,0
8HZ2AYZLfTw#_00027,2
8HZ2AYZLfTw#_00028,0
8HZ2AYZLfTw#_00029,2
8HZ2AYZLfTw#_00030,2
8HZ2AYZLfTw#_00031,0
8HZ2AYZLfTw#_00032,0
8HZ2AYZLfTw#_00033,3
8HZ2AYZLfTw#_00034,0
8HZ2AYZLfTw#_00035,3
8HZ2AYZLfTw#_00036,1
8HZ2AYZLfTw#_00037,2
8HZ2AYZLfTw#_00038,3
8HZ2AYZLfTw#_00039,2
8HZ2AYZLfTw#_00040,0
8HZ2AYZLfTw#_00041,2
8HZ2AYZLfTw#_00042,0
8HZ2AYZLfTw#_00043,0
8HZ2AYZLfTw#_00044,0
8HZ2AYZLfTw#_00045,1
8HZ2AYZLfTw#_00046,0
8HZ2AYZLfTw#_00047,1
8HZ2AYZLfTw#_00048,0
8HZ2AYZLfTw#_00049,0
8HZ2AYZLfTw#_00050,0
8HZ2AYZLfTw#_00051,2
8HZ2AYZLfTw#_00052,0
8HZ2AYZLfTw#_00053,2
8HZ2AYZLfTw#_00054,2
8HZ2AYZLfTw#_00055,2
8HZ2AYZLfTw#_00056,0
8HZ2AYZLfTw#_00057,0
8HZ2AYZLfTw#_00058,2
8HZ2AYZLfTw#_00059,2
8HZ2AYZLfTw#_00060,0
8HZ2AYZLfTw#_00061,2
8HZ2AYZLfTw#_00062,1
8HZ2AYZLfTw#_00064,0
8HZ2AYZLfTw#_00065,0
8HZ2AYZLfTw#_00066,0
8HZ2AYZLfTw#_00067,0
8HZ2AYZLfTw#_00068,1
8HZ2AYZLfTw#_00069,0
8HZ2AYZLfTw#_00070,1
8Rqy-hmIAvw#_00001,0
8Rqy-hmIAvw#_00002,0
8Rqy-hmIAvw#_00003,2
8Rqy-hmIAvw#_00004,2
8Rqy-hmIAvw#_00005,2
8Rqy-hmIAvw#_00006,2
8Rqy-hmIAvw#_00007,3
8Rqy-hmIAvw#_00009,0
8Rqy-hmIAvw#_00010,0
8Rqy-hmIAvw#_00011,0
8Rqy-hmIAvw#_00012,0
8Rqy-hmIAvw#_00013,2
8Rqy-hmIAvw#_00014,0
8Rqy-hmIAvw#_00015,0
8Rqy-hmIAvw#_00016,0
8Rqy-hmIAvw#_00017,2
8Rqy-hmIAvw#_00018,2
8s8A96FTa-4#_00001,0
8s8A96FTa-4#_00002,1
8s8A96FTa-4#_00003,0
8s8A96FTa-4#_00004,0
8s8A96FTa-4#_00005,0
8s8A96FTa-4#_00006,2
8s8A96FTa-4#_00007,1
8s8A96FTa-4#_00008,2
8SuHyZCEgsw#_00001,0
8SuHyZCEgsw#_00002,0
PcV12np8E3w#_00046,4
QFp1VcCLKfU#_00056,4
QFp1VcCLKfU#_00057,4
soYKNhEhzzc#_00036,4
soYKNhEhzzc#_00039,4
soYKNhEhzzc#_00040,4
uVNopn2CmPY#_00031,4
2Tw4aXGt-_Q#_00036,4
2Y5Botrgi-8#_00055,0
3Bi23Hfs9iE#_00021,0
8SuHyZCEgsw#_00003,0
8SuHyZCEgsw#_00004,0
8SuHyZCEgsw#_00005,0
8SuHyZCEgsw#_00006,2
8SuHyZCEgsw#_00007,1
8SuHyZCEgsw#_00011,0
8SuHyZCEgsw#_00012,0
8SuHyZCEgsw#_00013,0
8SuHyZCEgsw#_00014,0
8SuHyZCEgsw#_00015,1
8SuHyZCEgsw#_00016,0
8SuHyZCEgsw#_00017,0
8SuHyZCEgsw#_00018,1
8SuHyZCEgsw#_00019,0
8SuHyZCEgsw#_00020,0
8SuHyZCEgsw#_00021,0
8SuHyZCEgsw#_00023,1
8SuHyZCEgsw#_00025,0
8SuHyZCEgsw#_00026,0
8SuHyZCEgsw#_00027,0
8SuHyZCEgsw#_00028,1
8SuHyZCEgsw#_00029,1
8SuHyZCEgsw#_00030,0
8SuHyZCEgsw#_00031,0
8SuHyZCEgsw#_00032,0
92OmLoqdyPk#_00002,0
92OmLoqdyPk#_00003,0
92OmLoqdyPk#_00004,0
92OmLoqdyPk#_00005,0
92OmLoqdyPk#_00006,0
92OmLoqdyPk#_00007,1
92OmLoqdyPk#_00008,3
92OmLoqdyPk#_00009,3
92OmLoqdyPk#_00011,0
92OmLoqdyPk#_00012,0
92OmLoqdyPk#_00013,1
92OmLoqdyPk#_00014,0
92OmLoqdyPk#_00015,0
92OmLoqdyPk#_00016,0
92OmLoqdyPk#_00017,0
92OmLoqdyPk#_00018,1
92OmLoqdyPk#_00019,3
92OmLoqdyPk#_00020,1
92OmLoqdyPk#_00021,0
92OmLoqdyPk#_00022,3
92OmLoqdyPk#_00024,0
92OmLoqdyPk#_00025,0
92OmLoqdyPk#_00026,2
92OmLoqdyPk#_00027,0
92OmLoqdyPk#_00028,0
92OmLoqdyPk#_00029,1
92OmLoqdyPk#_00030,1
92OmLoqdyPk#_00031,0
92OmLoqdyPk#_00032,2
92OmLoqdyPk#_00033,0
92OmLoqdyPk#_00034,0
92OmLoqdyPk#_00035,0
92OmLoqdyPk#_00036,0
92OmLoqdyPk#_00037,0
92OmLoqdyPk#_00038,0
92OmLoqdyPk#_00039,0
92OmLoqdyPk#_00040,1
92OmLoqdyPk#_00041,3
92OmLoqdyPk#_00044,0
92OmLoqdyPk#_00045,0
92OmLoqdyPk#_00046,0
92OmLoqdyPk#_00047,0
92OmLoqdyPk#_00048,0
9d7EtFJ8Cso#_00001,0
9d7EtFJ8Cso#_00002,0
9d7EtFJ8Cso#_00003,0
9d7EtFJ8Cso#_00004,0
9d7EtFJ8Cso#_00005,0
9d7EtFJ8Cso#_00006,0
9d7EtFJ8Cso#_00007,0
9d7EtFJ8Cso#_00008,2
9d7EtFJ8Cso#_00009,0
9d7EtFJ8Cso#_00010,3
9frxDgqN83o#_00001,0
9frxDgqN83o#_00002,0
9frxDgqN83o#_00003,0
9frxDgqN83o#_00004,0
9frxDgqN83o#_00005,0
9frxDgqN83o#_00006,2
9frxDgqN83o#_00007,0
9frxDgqN83o#_00008,3
9frxDgqN83o#_00010,0
9frxDgqN83o#_00011,0
9frxDgqN83o#_00012,0
9frxDgqN83o#_00013,0
9frxDgqN83o#_00014,2
9frxDgqN83o#_00015,3
9frxDgqN83o#_00016,0
9frxDgqN83o#_00017,0
9frxDgqN83o#_00018,0
9frxDgqN83o#_00019,3
9frxDgqN83o#_00020,3
9frxDgqN83o#_00021,3
9I2JxSdZfFQ#_00001,0
9I2JxSdZfFQ#_00002,0
9I2JxSdZfFQ#_00003,2
9I2JxSdZfFQ#_00004,1
9I2JxSdZfFQ#_00005,0
9I2JxSdZfFQ#_00006,0
9I2JxSdZfFQ#_00007,1
9I2JxSdZfFQ#_00008,0
9I2JxSdZfFQ#_00009,1
9I2JxSdZfFQ#_00013,0
9I2JxSdZfFQ#_00014,0
9I2JxSdZfFQ#_00015,0
9I2JxSdZfFQ#_00016,0
9klP4PDR6ZE#_00011,0
9klP4PDR6ZE#_00012,0
9klP4PDR6ZE#_00013,0
9klP4PDR6ZE#_00014,1
9klP4PDR6ZE#_00015,0
9klP4PDR6ZE#_00016,1
9klP4PDR6ZE#_00017,0
9klP4PDR6ZE#_00019,0
9klP4PDR6ZE#_00020,0
9klP4PDR6ZE#_00021,3
9qz7xdUkNJM#_00001,0
9qz7xdUkNJM#_00002,0
9qz7xdUkNJM#_00003,0
9qz7xdUkNJM#_00004,0
9qz7xdUkNJM#_00005,1
9qz7xdUkNJM#_00006,2
9qz7xdUkNJM#_00007,3
9qz7xdUkNJM#_00008,0
9qz7xdUkNJM#_00009,0
9qz7xdUkNJM#_00010,0
9qz7xdUkNJM#_00011,3
9qz7xdUkNJM#_00012,0
9qz7xdUkNJM#_00015,0
9qz7xdUkNJM#_00016,0
9qz7xdUkNJM#_00017,1
9qz7xdUkNJM#_00018,0
9qz7xdUkNJM#_00019,0
9qz7xdUkNJM#_00020,0
9qz7xdUkNJM#_00021,0
9qz7xdUkNJM#_00022,0
9qz7xdUkNJM#_00023,2
9qz7xdUkNJM#_00024,1
9qz7xdUkNJM#_00025,0
9qz7xdUkNJM#_00026,0
9qz7xdUkNJM#_00027,0
9qz7xdUkNJM#_00028,3
9qz7xdUkNJM#_00029,3
9qz7xdUkNJM#_00030,3
9qz7xdUkNJM#_00031,2
9qz7xdUkNJM#_00032,0
9qz7xdUkNJM#_00033,1
9qz7xdUkNJM#_00034,0
9qz7xdUkNJM#_00035,3
9qz7xdUkNJM#_00037,0
9qz7xdUkNJM#_00038,1
9qz7xdUkNJM#_00039,2
9qz7xdUkNJM#_00040,0
9qz7xdUkNJM#_00041,0
9qz7xdUkNJM#_00042,2
9qz7xdUkNJM#_00045,0
9qz7xdUkNJM#_00046,0
9qz7xdUkNJM#_00047,0
9qz7xdUkNJM#_00050,2
9qz7xdUkNJM#_00051,2
9qz7xdUkNJM#_00052,0
9qz7xdUkNJM#_00053,2
9qz7xdUkNJM#_00054,0
9qz7xdUkNJM#_00055,0
9qz7xdUkNJM#_00056,0
9qz7xdUkNJM#_00057,0
9qz7xdUkNJM#_00058,1
9qz7xdUkNJM#_00059,2
9qz7xdUkNJM#_00060,2
9qz7xdUkNJM#_00061,1
9qz7xdUkNJM#_00062,0
9qz7xdUkNJM#_00063,2
9qz7xdUkNJM#_00064,0
9qz7xdUkNJM#_00065,2
_1Ef1K0H8r4#_00001,0
_1Ef1K0H8r4#_00002,0
_1Ef1K0H8r4#_00003,0
_1Ef1K0H8r4#_00004,0
_1Ef1K0H8r4#_00005,0
_1Ef1K0H8r4#_00006,2
_1Ef1K0H8r4#_00007,2
_1Ef1K0H8r4#_00008,0
_1Ef1K0H8r4#_00009,0
_1Ef1K0H8r4#_00010,2
_bMhybxxRgw#_00001,0
_bMhybxxRgw#_00002,0
_bMhybxxRgw#_00003,0
_bMhybxxRgw#_00004,0
_bMhybxxRgw#_00005,0
_bMhybxxRgw#_00006,0
_bMhybxxRgw#_00007,2
_bMhybxxRgw#_00008,3
_bMhybxxRgw#_00009,0
_bMhybxxRgw#_00010,0
_bMhybxxRgw#_00012,0
_bMhybxxRgw#_00013,1
_bMhybxxRgw#_00014,1
_bMhybxxRgw#_00015,2
_bMhybxxRgw#_00016,0
_bMhybxxRgw#_00017,0
_OUPB5ZvcOs#_00001,0
_OUPB5ZvcOs#_00002,0
_OUPB5ZvcOs#_00003,0
_OUPB5ZvcOs#_00004,0
_OUPB5ZvcOs#_00005,0
_OUPB5ZvcOs#_00006,1
_OUPB5ZvcOs#_00007,0
_OUPB5ZvcOs#_00008,3
_OUPB5ZvcOs#_00009,3
_OUPB5ZvcOs#_00012,0
_OUPB5ZvcOs#_00013,0
_OUPB5ZvcOs#_00014,0
_OUPB5ZvcOs#_00015,0
_OUPB5ZvcOs#_00016,0
_OUPB5ZvcOs#_00017,0
_OUPB5ZvcOs#_00018,0
_OUPB5ZvcOs#_00019,0
_OUPB5ZvcOs#_00020,0
_OUPB5ZvcOs#_00021,0
_OUPB5ZvcOs#_00022,3
_pTzqlQmJLY#_00001,0
_pTzqlQmJLY#_00002,0
_pTzqlQmJLY#_00003,0
_pTzqlQmJLY#_00004,2
_pTzqlQmJLY#_00005,2
_pTzqlQmJLY#_00006,0
_pTzqlQmJLY#_00007,3
_pTzqlQmJLY#_00008,3
_pTzqlQmJLY#_00010,0
_pTzqlQmJLY#_00011,0
_pTzqlQmJLY#_00012,0
_pTzqlQmJLY#_00013,0
_pTzqlQmJLY#_00014,0
_pTzqlQmJLY#_00015,0
_pTzqlQmJLY#_00016,0
_pTzqlQmJLY#_00017,0
_pTzqlQmJLY#_00018,0
_pTzqlQmJLY#_00019,2
_pTzqlQmJLY#_00021,0
_pTzqlQmJLY#_00022,0
_pTzqlQmJLY#_00023,0
_pTzqlQmJLY#_00024,0
_pTzqlQmJLY#_00025,2
_pTzqlQmJLY#_00026,0
_pTzqlQmJLY#_00027,2
_ujT1rh5dIo#_00001,0
_ujT1rh5dIo#_00002,0
_ujT1rh5dIo#_00003,2
_ujT1rh5dIo#_00004,0
_ujT1rh5dIo#_00005,2
_ujT1rh5dIo#_00006,1
_ujT1rh5dIo#_00007,1
_ujT1rh5dIo#_00008,3
_ujT1rh5dIo#_00009,3
_ujT1rh5dIo#_00010,3
_ujT1rh5dIo#_00011,2
_ujT1rh5dIo#_00012,2
_ujT1rh5dIo#_00013,3
_ujT1rh5dIo#_00014,1
_ujT1rh5dIo#_00015,3
_ujT1rh5dIo#_00016,3
_ujT1rh5dIo#_00019,0
_ujT1rh5dIo#_00020,0
_ujT1rh5dIo#_00021,0
_ujT1rh5dIo#_00022,0
_ujT1rh5dIo#_00023,2
_ujT1rh5dIo#_00024,0
_ujT1rh5dIo#_00026,0
_ujT1rh5dIo#_00027,0
_ujT1rh5dIo#_00028,0
_ujT1rh5dIo#_00029,0
_ujT1rh5dIo#_00030,0
_ujT1rh5dIo#_00031,2
_ujT1rh5dIo#_00032,0
_ujT1rh5dIo#_00033,1
_ujT1rh5dIo#_00034,1
_ujT1rh5dIo#_00035,2
_ujT1rh5dIo#_00036,2
_ujT1rh5dIo#_00037,2
_ujT1rh5dIo#_00040,0
_ujT1rh5dIo#_00041,0
_ujT1rh5dIo#_00042,0
_ujT1rh5dIo#_00043,0
_ujT1rh5dIo#_00044,2
_ujT1rh5dIo#_00045,0
_ujT1rh5dIo#_00046,0
_ujT1rh5dIo#_00047,1
_ujT1rh5dIo#_00048,0
_ujT1rh5dIo#_00049,0
_ujT1rh5dIo#_00050,3
_ujT1rh5dIo#_00051,3
_ujT1rh5dIo#_00052,3
_ujT1rh5dIo#_00053,1
_ujT1rh5dIo#_00054,0
a0_HTp-qzpc#_00001,0
a0_HTp-qzpc#_00002,0
a0_HTp-qzpc#_00003,1
a0_HTp-qzpc#_00004,2
a0_HTp-qzpc#_00005,0
a0_HTp-qzpc#_00006,2
a0_HTp-qzpc#_00007,0
a0_HTp-qzpc#_00008,0
a0_HTp-qzpc#_00009,0
a0_HTp-qzpc#_00010,0
a0_HTp-qzpc#_00013,0
a0_HTp-qzpc#_00014,0
a0_HTp-qzpc#_00015,0
a0_HTp-qzpc#_00016,0
a0_HTp-qzpc#_00017,1
a0_HTp-qzpc#_00018,0
a0_HTp-qzpc#_00019,0
a0_HTp-qzpc#_00020,0
a0_HTp-qzpc#_00021,3
a0_HTp-qzpc#_00022,2
a0_HTp-qzpc#_00023,0
a0_HTp-qzpc#_00025,0
a0_HTp-qzpc#_00026,0
a0_HTp-qzpc#_00027,0
a0_HTp-qzpc#_00028,0
a0_HTp-qzpc#_00029,0
a0_HTp-qzpc#_00030,0
a0_HTp-qzpc#_00031,2
a0_HTp-qzpc#_00032,3
a0_HTp-qzpc#_00033,0
a0_HTp-qzpc#_00034,0
a0_HTp-qzpc#_00035,2
a3Jte9z2LJg#_00001,0
a3Jte9z2LJg#_00002,0
a3Jte9z2LJg#_00003,0
a3Jte9z2LJg#_00004,2
a3Jte9z2LJg#_00005,2
a3Jte9z2LJg#_00006,0
a3Jte9z2LJg#_00007,0
a3Jte9z2LJg#_00008,0
a3Jte9z2LJg#_00009,0
a3Jte9z2LJg#_00010,3
a3Jte9z2LJg#_00011,3
a3Jte9z2LJg#_00012,0
a3Jte9z2LJg#_00013,0
a3Jte9z2LJg#_00014,0
a3Jte9z2LJg#_00015,3
a3Jte9z2LJg#_00016,3
a3Jte9z2LJg#_00017,3
a3Jte9z2LJg#_00018,0
a3Jte9z2LJg#_00019,0
a3Jte9z2LJg#_00020,0
a3Jte9z2LJg#_00021,0
a3Jte9z2LJg#_00022,0
a3Jte9z2LJg#_00023,0
a3Jte9z2LJg#_00024,2
a3Jte9z2LJg#_00025,0
a3Jte9z2LJg#_00026,3
a3Jte9z2LJg#_00030,0
a3Jte9z2LJg#_00031,0
a3Jte9z2LJg#_00032,0
a3Jte9z2LJg#_00033,0
a3Jte9z2LJg#_00034,0
a3Jte9z2LJg#_00035,2
a3Jte9z2LJg#_00036,1
a3Jte9z2LJg#_00037,0
a3Jte9z2LJg#_00038,0
a3Jte9z2LJg#_00039,0
a3Jte9z2LJg#_00040,1
a3Jte9z2LJg#_00041,0
a3Jte9z2LJg#_00042,1
a3Jte9z2LJg#_00043,2
a3Jte9z2LJg#_00044,0
a3Jte9z2LJg#_00045,3
a3Jte9z2LJg#_00046,1
a3Jte9z2LJg#_00047,2
a3Jte9z2LJg#_00048,0
a3Jte9z2LJg#_00049,1
a3Jte9z2LJg#_00050,0
a3Jte9z2LJg#_00051,0
a3Jte9z2LJg#_00052,0
a3Jte9z2LJg#_00053,2
a3Jte9z2LJg#_00054,0
a3Jte9z2LJg#_00055,1
a3Jte9z2LJg#_00056,0
a3Jte9z2LJg#_00057,0
a3Jte9z2LJg#_00058,1
a3Jte9z2LJg#_00059,2
a3Jte9z2LJg#_00060,2
a3Jte9z2LJg#_00061,0
a3Jte9z2LJg#_00062,0
a3Jte9z2LJg#_00063,0
a3Jte9z2LJg#_00064,2
a3Jte9z2LJg#_00065,0
a4PN42hw3O8#_00009,0
a4PN42hw3O8#_00010,0
a4PN42hw3O8#_00011,0
a4PN42hw3O8#_00012,1
a4PN42hw3O8#_00013,0
a4PN42hw3O8#_00014,0
a4PN42hw3O8#_00018,0
a4PN42hw3O8#_00019,0
a4PN42hw3O8#_00020,0
a4PN42hw3O8#_00021,0
a4PN42hw3O8#_00022,0
a4PN42hw3O8#_00023,0
a4PN42hw3O8#_00024,0
a4PN42hw3O8#_00025,0
a4PN42hw3O8#_00026,2
a4PN42hw3O8#_00032,0
a4PN42hw3O8#_00033,0
a4PN42hw3O8#_00034,0
a4PN42hw3O8#_00035,0
a4PN42hw3O8#_00036,0
a4PN42hw3O8#_00037,0
a4PN42hw3O8#_00038,0
a4PN42hw3O8#_00039,1
A8VYxo5hD_0#_00001,0
A8VYxo5hD_0#_00002,0
A8VYxo5hD_0#_00003,0
A8VYxo5hD_0#_00004,0
A8VYxo5hD_0#_00005,0
A8VYxo5hD_0#_00006,0
A8VYxo5hD_0#_00007,0
A8VYxo5hD_0#_00008,0
A8VYxo5hD_0#_00009,1
A8VYxo5hD_0#_00010,0
A8VYxo5hD_0#_00011,2
A8VYxo5hD_0#_00012,0
A8VYxo5hD_0#_00013,0
A8VYxo5hD_0#_00014,2
A8VYxo5hD_0#_00015,0
A8VYxo5hD_0#_00016,2
A8VYxo5hD_0#_00017,3
A8VYxo5hD_0#_00018,1
A8VYxo5hD_0#_00019,0
A8VYxo5hD_0#_00020,2
A8VYxo5hD_0#_00021,2
A8VYxo5hD_0#_00022,0
A8VYxo5hD_0#_00023,3
A8VYxo5hD_0#_00024,3
A8VYxo5hD_0#_00025,3
A8VYxo5hD_0#_00026,1
A8VYxo5hD_0#_00027,1
A8VYxo5hD_0#_00028,0
A8VYxo5hD_0#_00029,2
A8VYxo5hD_0#_00030,2
A8VYxo5hD_0#_00031,0
A8VYxo5hD_0#_00032,2
A8VYxo5hD_0#_00033,2
A8VYxo5hD_0#_00034,0
A8VYxo5hD_0#_00035,0
A8VYxo5hD_0#_00036,1
A8VYxo5hD_0#_00037,0
A8VYxo5hD_0#_00038,2
A8VYxo5hD_0#_00039,1
A8VYxo5hD_0#_00040,0
A8VYxo5hD_0#_00041,1
A8VYxo5hD_0#_00042,1
A8VYxo5hD_0#_00045,0
A8VYxo5hD_0#_00046,0
A8VYxo5hD_0#_00047,0
A8VYxo5hD_0#_00048,0
A8VYxo5hD_0#_00049,1
A8VYxo5hD_0#_00050,0
A8VYxo5hD_0#_00051,0
A8VYxo5hD_0#_00052,2
A8VYxo5hD_0#_00053,0
A8VYxo5hD_0#_00054,3
ajgWF-3GqW8#_00001,0
ajgWF-3GqW8#_00002,0
ajgWF-3GqW8#_00003,0
ajgWF-3GqW8#_00004,1
ajgWF-3GqW8#_00005,2
ajgWF-3GqW8#_00006,0
ajgWF-3GqW8#_00007,1
ajgWF-3GqW8#_00008,0
ajgWF-3GqW8#_00009,3
ajgWF-3GqW8#_00010,1
ajgWF-3GqW8#_00011,3
ajgWF-3GqW8#_00012,2
ajgWF-3GqW8#_00013,0
ajgWF-3GqW8#_00014,0
AmCXugHRQqM#_00001,0
AmCXugHRQqM#_00002,0
AmCXugHRQqM#_00003,2
AmCXugHRQqM#_00004,0
AmCXugHRQqM#_00005,2
AmCXugHRQqM#_00006,0
AmCXugHRQqM#_00009,0
AmCXugHRQqM#_00010,0
AmCXugHRQqM#_00011,0
AmCXugHRQqM#_00012,0
AmCXugHRQqM#_00013,0
AmCXugHRQqM#_00014,0
AmCXugHRQqM#_00015,0
AmCXugHRQqM#_00016,0
AmCXugHRQqM#_00018,0
AmCXugHRQqM#_00019,0
AmCXugHRQqM#_00020,1
AmCXugHRQqM#_00021,0
AmCXugHRQqM#_00022,1
AmCXugHRQqM#_00023,2
AmCXugHRQqM#_00024,0
AmCXugHRQqM#_00025,2
AmCXugHRQqM#_00028,0
AmCXugHRQqM#_00029,0
AmCXugHRQqM#_00030,0
AmCXugHRQqM#_00031,0
AmCXugHRQqM#_00032,0
AmCXugHRQqM#_00033,0
AmCXugHRQqM#_00034,0
AmCXugHRQqM#_00035,3
AmCXugHRQqM#_00036,2
AoCYgmJjFxU#_00001,0
AoCYgmJjFxU#_00002,0
AoCYgmJjFxU#_00003,0
AoCYgmJjFxU#_00004,0
AoCYgmJjFxU#_00005,0
AoCYgmJjFxU#_00006,0
AoCYgmJjFxU#_00007,1
AoCYgmJjFxU#_00008,0
AoCYgmJjFxU#_00012,0
AoCYgmJjFxU#_00013,0
AoCYgmJjFxU#_00014,0
AoCYgmJjFxU#_00015,0
AoCYgmJjFxU#_00016,0
AoCYgmJjFxU#_00017,3
aq7g-dgQ4Bs#_00001,0
aq7g-dgQ4Bs#_00002,0
aq7g-dgQ4Bs#_00003,1
aq7g-dgQ4Bs#_00004,0
aq7g-dgQ4Bs#_00005,0
aq7g-dgQ4Bs#_00006,0
aq7g-dgQ4Bs#_00007,2
aq7g-dgQ4Bs#_00008,0
aq7g-dgQ4Bs#_00009,0
aq7g-dgQ4Bs#_00010,1
aq7g-dgQ4Bs#_00011,2
aq7g-dgQ4Bs#_00012,0
aq7g-dgQ4Bs#_00013,2
aq7g-dgQ4Bs#_00014,3
aq7g-dgQ4Bs#_00015,0
aq7g-dgQ4Bs#_00016,2
aq7g-dgQ4Bs#_00019,1
aq7g-dgQ4Bs#_00020,0
aq7g-dgQ4Bs#_00021,0
aq7g-dgQ4Bs#_00022,1
aq7g-dgQ4Bs#_00023,0
aq7g-dgQ4Bs#_00024,2
aq7g-dgQ4Bs#_00025,0
aq7g-dgQ4Bs#_00026,0
aq7g-dgQ4Bs#_00027,3
aq7g-dgQ4Bs#_00028,0
aq7g-dgQ4Bs#_00031,0
aq7g-dgQ4Bs#_00032,0
aq7g-dgQ4Bs#_00033,0
aq7g-dgQ4Bs#_00034,2
aq7g-dgQ4Bs#_00035,0
aq7g-dgQ4Bs#_00036,0
aq7g-dgQ4Bs#_00037,2
aq7g-dgQ4Bs#_00038,0
aq7g-dgQ4Bs#_00039,0
asxeuBtfiWc#_00001,0
asxeuBtfiWc#_00002,0
asxeuBtfiWc#_00003,0
asxeuBtfiWc#_00004,1
asxeuBtfiWc#_00005,1
asxeuBtfiWc#_00006,1
asxeuBtfiWc#_00007,1
asxeuBtfiWc#_00008,0
asxeuBtfiWc#_00009,1
asxeuBtfiWc#_00010,3
asxeuBtfiWc#_00011,2
asxeuBtfiWc#_00012,0
asxeuBtfiWc#_00013,0
asxeuBtfiWc#_00014,1
asxeuBtfiWc#_00015,0
asxeuBtfiWc#_00016,1
asxeuBtfiWc#_00017,0
asxeuBtfiWc#_00018,3
asxeuBtfiWc#_00019,1
asxeuBtfiWc#_00021,0
asxeuBtfiWc#_00022,0
asxeuBtfiWc#_00023,0
asxeuBtfiWc#_00024,0
asxeuBtfiWc#_00025,0
asxeuBtfiWc#_00026,0
asxeuBtfiWc#_00027,0
asxeuBtfiWc#_00028,2
asxeuBtfiWc#_00029,3
asxeuBtfiWc#_00030,0
asxeuBtfiWc#_00031,3
asxeuBtfiWc#_00032,2
AVzKz56uIeE#_00001,0
AVzKz56uIeE#_00002,0
AVzKz56uIeE#_00003,0
AVzKz56uIeE#_00004,1
AVzKz56uIeE#_00005,0
AVzKz56uIeE#_00007,0
AVzKz56uIeE#_00008,0
AVzKz56uIeE#_00009,0
AVzKz56uIeE#_00010,2
AVzKz56uIeE#_00011,0
AVzKz56uIeE#_00012,2
AVzKz56uIeE#_00013,2
AVzKz56uIeE#_00015,0
AVzKz56uIeE#_00016,0
AVzKz56uIeE#_00017,0
AVzKz56uIeE#_00018,2
AVzKz56uIeE#_00019,0
AVzKz56uIeE#_00020,2
Axe0jWiCHDg#_00001,0
Axe0jWiCHDg#_00002,0
Axe0jWiCHDg#_00003,0
Axe0jWiCHDg#_00004,0
Axe0jWiCHDg#_00005,0
Axe0jWiCHDg#_00006,2
Axe0jWiCHDg#_00007,0
Axe0jWiCHDg#_00008,2
Axe0jWiCHDg#_00009,0
Axe0jWiCHDg#_00010,3
Axe0jWiCHDg#_00011,0
Axe0jWiCHDg#_00012,0
Axe0jWiCHDg#_00013,0
Axe0jWiCHDg#_00014,1
Axe0jWiCHDg#_00015,0
Axe0jWiCHDg#_00016,0
Axe0jWiCHDg#_00017,0
Axe0jWiCHDg#_00018,0
Axe0jWiCHDg#_00019,0
Axe0jWiCHDg#_00020,2
Axe0jWiCHDg#_00021,0
Axe0jWiCHDg#_00022,0
Axe0jWiCHDg#_00023,0
Axe0jWiCHDg#_00024,0
Axe0jWiCHDg#_00025,0
Axe0jWiCHDg#_00026,0
Axe0jWiCHDg#_00027,0
Axe0jWiCHDg#_00028,3
Axe0jWiCHDg#_00029,0
Axe0jWiCHDg#_00030,0
Axe0jWiCHDg#_00031,0
Axe0jWiCHDg#_00032,3
Axe0jWiCHDg#_00033,0
Axe0jWiCHDg#_00034,0
Axe0jWiCHDg#_00035,0
Axe0jWiCHDg#_00036,0
Axe0jWiCHDg#_00038,0
Axe0jWiCHDg#_00039,0
Axe0jWiCHDg#_00040,0
Axe0jWiCHDg#_00041,0
Axe0jWiCHDg#_00042,2
Axe0jWiCHDg#_00043,2
Axe0jWiCHDg#_00044,1
Axe0jWiCHDg#_00045,0
Axe0jWiCHDg#_00046,2
Axe0jWiCHDg#_00047,0
Axe0jWiCHDg#_00048,3
Axe0jWiCHDg#_00049,0
Axe0jWiCHDg#_00050,1
Axe0jWiCHDg#_00051,2
Axe0jWiCHDg#_00052,2
Axe0jWiCHDg#_00054,0
Axe0jWiCHDg#_00055,0
Axe0jWiCHDg#_00056,0
Axe0jWiCHDg#_00057,0
Axe0jWiCHDg#_00058,0
Axe0jWiCHDg#_00059,0
Axe0jWiCHDg#_00060,0
Axe0jWiCHDg#_00061,0
Axe0jWiCHDg#_00062,3
Axe0jWiCHDg#_00063,0
Axe0jWiCHDg#_00064,3
B19mBJQl3kI#_00001,0
B19mBJQl3kI#_00002,0
B19mBJQl3kI#_00003,0
B19mBJQl3kI#_00004,2
B19mBJQl3kI#_00005,0
B19mBJQl3kI#_00006,0
B19mBJQl3kI#_00007,1
B19mBJQl3kI#_00008,0
B19mBJQl3kI#_00009,0
B19mBJQl3kI#_00010,2
B19mBJQl3kI#_00011,0
B19mBJQl3kI#_00012,3
B19mBJQl3kI#_00015,0
B19mBJQl3kI#_00016,0
B19mBJQl3kI#_00017,0
B19mBJQl3kI#_00018,0
B19mBJQl3kI#_00019,0
B19mBJQl3kI#_00020,0
B19mBJQl3kI#_00021,2
B19mBJQl3kI#_00022,2
B19mBJQl3kI#_00023,0
B19mBJQl3kI#_00024,3
B19mBJQl3kI#_00025,0
B19mBJQl3kI#_00026,0
B19mBJQl3kI#_00027,0
B19mBJQl3kI#_00028,0
B19mBJQl3kI#_00029,0
B19mBJQl3kI#_00030,0
B19mBJQl3kI#_00031,0
B19mBJQl3kI#_00032,1
B19mBJQl3kI#_00033,0
B19mBJQl3kI#_00034,0
B19mBJQl3kI#_00035,2
B19mBJQl3kI#_00036,1
B19mBJQl3kI#_00037,2
b5gBHOQci-4#_00001,0
b5gBHOQci-4#_00002,0
b5gBHOQci-4#_00003,0
b5gBHOQci-4#_00004,0
b5gBHOQci-4#_00005,0
b5gBHOQci-4#_00006,2
b5gBHOQci-4#_00007,0
b5gBHOQci-4#_00008,2
b5gBHOQci-4#_00009,3
b5gBHOQci-4#_00010,0
b5gBHOQci-4#_00011,0
b5gBHOQci-4#_00012,0
b5gBHOQci-4#_00013,0
b5gBHOQci-4#_00014,0
b5gBHOQci-4#_00015,0
b5gBHOQci-4#_00016,2
b5gBHOQci-4#_00018,0
b5gBHOQci-4#_00019,0
b5gBHOQci-4#_00020,0
b5gBHOQci-4#_00021,1
b5gBHOQci-4#_00022,2
b5gBHOQci-4#_00023,0
b5gBHOQci-4#_00024,0
b5gBHOQci-4#_00025,0
BcAjtDGrUnw#_00004,0
BcAjtDGrUnw#_00005,0
BcAjtDGrUnw#_00006,0
BcAjtDGrUnw#_00007,0
BcAjtDGrUnw#_00008,0
BcAjtDGrUnw#_00009,0
BcAjtDGrUnw#_00010,0
BcAjtDGrUnw#_00011,0
BcAjtDGrUnw#_00012,0
BcAjtDGrUnw#_00013,0
BcAjtDGrUnw#_00014,3
BcAjtDGrUnw#_00015,0
BcAjtDGrUnw#_00016,3
BcAjtDGrUnw#_00017,0
BcAjtDGrUnw#_00018,0
BcAjtDGrUnw#_00019,0
BcAjtDGrUnw#_00020,0
BcAjtDGrUnw#_00021,0
BcAjtDGrUnw#_00022,3
BcAjtDGrUnw#_00023,1
BcAjtDGrUnw#_00024,1
BcAjtDGrUnw#_00025,2
BcAjtDGrUnw#_00027,0
BcAjtDGrUnw#_00028,0
BcAjtDGrUnw#_00029,0
BcAjtDGrUnw#_00030,0
BcAjtDGrUnw#_00031,3
BcAjtDGrUnw#_00032,2
BcAjtDGrUnw#_00033,0
BcAjtDGrUnw#_00034,0
BcAjtDGrUnw#_00035,2
BcAjtDGrUnw#_00038,0
BcAjtDGrUnw#_00039,0
BcAjtDGrUnw#_00040,0
BcAjtDGrUnw#_00041,0
BcAjtDGrUnw#_00042,0
BcAjtDGrUnw#_00043,0
BcAjtDGrUnw#_00044,0
BcAjtDGrUnw#_00045,0
BcAjtDGrUnw#_00046,3
BcAjtDGrUnw#_00047,0
BcAjtDGrUnw#_00048,2
BcAjtDGrUnw#_00049,2
BcAjtDGrUnw#_00050,0
BcAjtDGrUnw#_00051,2
BcAjtDGrUnw#_00052,3
BdpNGhb-ccA#_00002,0
BdpNGhb-ccA#_00003,0
BdpNGhb-ccA#_00004,0
BdpNGhb-ccA#_00005,0
BdpNGhb-ccA#_00006,0
BdpNGhb-ccA#_00007,0
BdpNGhb-ccA#_00012,0
BdpNGhb-ccA#_00013,0
BdpNGhb-ccA#_00014,0
BdpNGhb-ccA#_00015,2
BdpNGhb-ccA#_00016,2
BdpNGhb-ccA#_00017,2
BdpNGhb-ccA#_00018,0
BdpNGhb-ccA#_00019,0
BdpNGhb-ccA#_00020,0
BdpNGhb-ccA#_00021,3
BdpNGhb-ccA#_00022,3
BdpNGhb-ccA#_00023,3
BdpNGhb-ccA#_00025,0
BdpNGhb-ccA#_00026,0
BdpNGhb-ccA#_00027,0
BdpNGhb-ccA#_00028,0
BdpNGhb-ccA#_00029,0
BdpNGhb-ccA#_00030,0
BdpNGhb-ccA#_00031,2
BdpNGhb-ccA#_00032,0
BdpNGhb-ccA#_00033,0
BdpNGhb-ccA#_00034,3
BdpNGhb-ccA#_00035,3
BdpNGhb-ccA#_00037,0
BdpNGhb-ccA#_00038,0
BdpNGhb-ccA#_00039,0
BdpNGhb-ccA#_00040,0
BdpNGhb-ccA#_00041,2
BdpNGhb-ccA#_00042,2
BdpNGhb-ccA#_00043,1
BdpNGhb-ccA#_00044,2
BdpNGhb-ccA#_00045,0
BdpNGhb-ccA#_00046,0
BdpNGhb-ccA#_00047,0
BdpNGhb-ccA#_00048,3
BdpNGhb-ccA#_00051,0
BdpNGhb-ccA#_00052,0
BdpNGhb-ccA#_00053,0
BdpNGhb-ccA#_00054,0
BdpNGhb-ccA#_00055,1
BdpNGhb-ccA#_00056,2
BdpNGhb-ccA#_00057,0
BdpNGhb-ccA#_00058,3
BdpNGhb-ccA#_00059,3
BdpNGhb-ccA#_00060,2
BdpNGhb-ccA#_00061,2
BdpNGhb-ccA#_00063,0
BdpNGhb-ccA#_00064,0
BdpNGhb-ccA#_00065,2
BdpNGhb-ccA#_00066,2
BdpNGhb-ccA#_00067,2
BdpNGhb-ccA#_00068,2
BdpNGhb-ccA#_00069,3
BdpNGhb-ccA#_00070,0
BdpNGhb-ccA#_00071,2
BdpNGhb-ccA#_00073,2
BdpNGhb-ccA#_00074,2
BdpNGhb-ccA#_00075,0
BdpNGhb-ccA#_00076,1
BdpNGhb-ccA#_00077,2
BdpNGhb-ccA#_00078,3
BdpNGhb-ccA#_00079,0
BdpNGhb-ccA#_00080,0
BdpNGhb-ccA#_00081,1
BdpNGhb-ccA#_00082,2
BdpNGhb-ccA#_00083,3
BdpNGhb-ccA#_00085,0
BdpNGhb-ccA#_00086,0
BdpNGhb-ccA#_00087,0
BdpNGhb-ccA#_00088,0
BdpNGhb-ccA#_00089,0
BdpNGhb-ccA#_00090,0
BdpNGhb-ccA#_00091,0
BdpNGhb-ccA#_00092,0
BdpNGhb-ccA#_00093,0
BdpNGhb-ccA#_00094,3
BdpNGhb-ccA#_00095,2
BdpNGhb-ccA#_00096,3
BdpNGhb-ccA#_00097,0
BdpNGhb-ccA#_00098,0
BdpNGhb-ccA#_00099,0
BdpNGhb-ccA#_00100,0
BdpNGhb-ccA#_00101,0
BdpNGhb-ccA#_00102,1
BdpNGhb-ccA#_00103,1
BdpNGhb-ccA#_00104,2
BdpNGhb-ccA#_00105,3
BdpNGhb-ccA#_00106,3
BdpNGhb-ccA#_00107,4
BdpNGhb-ccA#_00110,0
BdpNGhb-ccA#_00111,0
BdpNGhb-ccA#_00112,2
BdpNGhb-ccA#_00113,2
BdpNGhb-ccA#_00114,2
BdpNGhb-ccA#_00116,0
BdpNGhb-ccA#_00118,2
BdpNGhb-ccA#_00119,0
BdpNGhb-ccA#_00120,0
BdpNGhb-ccA#_00121,2
BdpNGhb-ccA#_00122,0
BdpNGhb-ccA#_00123,2
BdpNGhb-ccA#_00124,0
BdpNGhb-ccA#_00125,3
BdpNGhb-ccA#_00126,3
BdpNGhb-ccA#_00128,0
BdpNGhb-ccA#_00129,0
BdpNGhb-ccA#_00130,0
BdpNGhb-ccA#_00131,0
BdpNGhb-ccA#_00132,0
BdpNGhb-ccA#_00133,0
BdpNGhb-ccA#_00134,0
BdpNGhb-ccA#_00135,0
BdpNGhb-ccA#_00136,2
BdpNGhb-ccA#_00137,0
BdpNGhb-ccA#_00138,0
BdpNGhb-ccA#_00139,3
BdpNGhb-ccA#_00140,3
BdpNGhb-ccA#_00141,3
