filename,class
0M3rGNWZTlk#_00001,0
0M3rGNWZTlk#_00002,0
0M3rGNWZTlk#_00003,0
0M3rGNWZTlk#_00004,0
0M3rGNWZTlk#_00005,0
0M3rGNWZTlk#_00006,0
0M3rGNWZTlk#_00007,0
0M3rGNWZTlk#_00008,0
0M3rGNWZTlk#_00009,0
0M3rGNWZTlk#_00010,0
0M3rGNWZTlk#_00011,0
0M3rGNWZTlk#_00012,0
0M3rGNWZTlk#_00013,0
0M3rGNWZTlk#_00014,0
0M3rGNWZTlk#_00015,0
0M3rGNWZTlk#_00016,0
0M3rGNWZTlk#_00017,0
0M3rGNWZTlk#_00018,0
0M3rGNWZTlk#_00019,0
0M3rGNWZTlk#_00020,0
0M3rGNWZTlk#_00021,0
0M3rGNWZTlk#_00022,0
0M3rGNWZTlk#_00023,0
0M3rGNWZTlk#_00024,0
0M3rGNWZTlk#_00025,0
0M3rGNWZTlk#_00026,0
0M3rGNWZTlk#_00027,0
0M3rGNWZTlk#_00028,0
0M3rGNWZTlk#_00029,0
0M3rGNWZTlk#_00030,0
0M3rGNWZTlk#_00031,0
0M3rGNWZTlk#_00032,0
0M3rGNWZTlk#_00033,0
0M3rGNWZTlk#_00034,1
1h4njEh8n-g#_00001,1
1h4njEh8n-g#_00002,1
1h4njEh8n-g#_00003,1
1h4njEh8n-g#_00004,1
1h4njEh8n-g#_00005,1
1h4njEh8n-g#_00006,1
1h4njEh8n-g#_00007,1
1h4njEh8n-g#_00008,1
1h4njEh8n-g#_00009,1
1h4njEh8n-g#_00010,0
1h4njEh8n-g#_00011,1
1h4njEh8n-g#_00012,0
1h4njEh8n-g#_00013,0
1h4njEh8n-g#_00014,0
1h4njEh8n-g#_00015,0
1h4njEh8n-g#_00016,0
1h4njEh8n-g#_00017,0
1h4njEh8n-g#_00018,0
1h4njEh8n-g#_00019,0
1h4njEh8n-g#_00020,0
1h4njEh8n-g#_00021,0
1h4njEh8n-g#_00022,0
1h4njEh8n-g#_00023,0
1h4njEh8n-g#_00024,0
1h4njEh8n-g#_00025,1
1h4njEh8n-g#_00026,1
1h4njEh8n-g#_00027,1
3a6YnSXQJCQ#_00001,1
3a6YnSXQJCQ#_00002,0
3a6YnSXQJCQ#_00003,0
3a6YnSXQJCQ#_00004,0
3a6YnSXQJCQ#_00005,0
3a6YnSXQJCQ#_00006,0
3a6YnSXQJCQ#_00007,0
3a6YnSXQJCQ#_00008,0
3a6YnSXQJCQ#_00009,0
3a6YnSXQJCQ#_00010,0
3a6YnSXQJCQ#_00011,0
3a6YnSXQJCQ#_00012,0
3a6YnSXQJCQ#_00013,0
3a6YnSXQJCQ#_00014,1
3a6YnSXQJCQ#_00015,1
8RaIRsedfAU#_00001,0
8RaIRsedfAU#_00002,1
8RaIRsedfAU#_00003,1
8RaIRsedfAU#_00004,1
8RaIRsedfAU#_00005,1
8RaIRsedfAU#_00006,1
8RaIRsedfAU#_00007,1
8RaIRsedfAU#_00008,1
8RaIRsedfAU#_00009,1
8RaIRsedfAU#_00010,1
8RaIRsedfAU#_00011,0
8RaIRsedfAU#_00012,0
8RaIRsedfAU#_00013,0
8RaIRsedfAU#_00014,0
8RaIRsedfAU#_00015,0
8RaIRsedfAU#_00016,0
8RaIRsedfAU#_00017,0
8RaIRsedfAU#_00018,0
8RaIRsedfAU#_00019,0
8RaIRsedfAU#_00020,0
8RaIRsedfAU#_00021,0
8RaIRsedfAU#_00022,0
8RaIRsedfAU#_00023,0
8RaIRsedfAU#_00024,0
8RaIRsedfAU#_00025,0
8RaIRsedfAU#_00026,0
8RaIRsedfAU#_00027,0
8RaIRsedfAU#_00028,0
8RaIRsedfAU#_00029,1
8RaIRsedfAU#_00030,1
8RPu9YVMquQ#_00001,0
8RPu9YVMquQ#_00002,0
8RPu9YVMquQ#_00003,0
8RPu9YVMquQ#_00004,0
8RPu9YVMquQ#_00005,0
8RPu9YVMquQ#_00006,0
8RPu9YVMquQ#_00007,1
8RPu9YVMquQ#_00008,0
8RPu9YVMquQ#_00009,0
8RPu9YVMquQ#_00010,0
8RPu9YVMquQ#_00011,0
8RPu9YVMquQ#_00012,0
8RPu9YVMquQ#_00013,0
8RPu9YVMquQ#_00014,0
8RPu9YVMquQ#_00015,0
8RPu9YVMquQ#_00016,0
8RPu9YVMquQ#_00017,0
8RPu9YVMquQ#_00018,0
8RPu9YVMquQ#_00019,0
8RPu9YVMquQ#_00020,0
8RPu9YVMquQ#_00021,0
8RPu9YVMquQ#_00022,0
8RPu9YVMquQ#_00023,0
8RPu9YVMquQ#_00024,0
8RPu9YVMquQ#_00025,0
8RPu9YVMquQ#_00026,0
8RPu9YVMquQ#_00027,0
8RPu9YVMquQ#_00028,0
8RPu9YVMquQ#_00029,0
8RPu9YVMquQ#_00030,0
8RPu9YVMquQ#_00031,0
8RPu9YVMquQ#_00032,0
8RPu9YVMquQ#_00033,0
8RPu9YVMquQ#_00034,0
8RPu9YVMquQ#_00035,0
8RPu9YVMquQ#_00036,0
8RPu9YVMquQ#_00037,0
8RPu9YVMquQ#_00038,0
8RPu9YVMquQ#_00039,0
8RPu9YVMquQ#_00040,0
8RPu9YVMquQ#_00041,0
8RPu9YVMquQ#_00042,0
8RPu9YVMquQ#_00043,0
8RPu9YVMquQ#_00044,1
_W629Muovp4#_00001,1
_W629Muovp4#_00002,0
_W629Muovp4#_00003,0
_W629Muovp4#_00004,0
_W629Muovp4#_00005,0
_W629Muovp4#_00006,0
_W629Muovp4#_00007,0
_W629Muovp4#_00008,0
_W629Muovp4#_00009,0
_W629Muovp4#_00010,0
_W629Muovp4#_00011,0
_W629Muovp4#_00012,0
_W629Muovp4#_00013,0
_W629Muovp4#_00014,0
_W629Muovp4#_00015,1
_W629Muovp4#_00016,1
_W629Muovp4#_00017,1
AkrkZWdchbc#_00001,1
AkrkZWdchbc#_00002,0
AkrkZWdchbc#_00003,0
AkrkZWdchbc#_00004,0
AkrkZWdchbc#_00005,0
AkrkZWdchbc#_00006,0
AkrkZWdchbc#_00007,0
AkrkZWdchbc#_00008,0
AkrkZWdchbc#_00009,0
AkrkZWdchbc#_00010,0
AkrkZWdchbc#_00011,0
AkrkZWdchbc#_00012,0
AkrkZWdchbc#_00013,0
AkrkZWdchbc#_00014,0
AkrkZWdchbc#_00015,0
AkrkZWdchbc#_00016,0
AkrkZWdchbc#_00017,0
AkrkZWdchbc#_00018,0
AkrkZWdchbc#_00019,0
AkrkZWdchbc#_00020,0
AkrkZWdchbc#_00021,0
AkrkZWdchbc#_00022,0
AkrkZWdchbc#_00023,0
AkrkZWdchbc#_00024,0
AkrkZWdchbc#_00025,0
AkrkZWdchbc#_00026,0
AkrkZWdchbc#_00027,0
AkrkZWdchbc#_00028,0
AkrkZWdchbc#_00029,0
AkrkZWdchbc#_00030,1
AkrkZWdchbc#_00031,1
AkrkZWdchbc#_00032,1
AkrkZWdchbc#_00033,1
AkrkZWdchbc#_00034,1
BaJCFzJIiYg#_00001,1
BaJCFzJIiYg#_00002,1
BaJCFzJIiYg#_00003,1
BaJCFzJIiYg#_00004,1
BaJCFzJIiYg#_00005,0
BaJCFzJIiYg#_00006,0
BaJCFzJIiYg#_00007,0
BaJCFzJIiYg#_00008,0
BaJCFzJIiYg#_00009,0
BaJCFzJIiYg#_00010,0
BaJCFzJIiYg#_00011,0
BaJCFzJIiYg#_00012,1
BaJCFzJIiYg#_00013,1
BaJCFzJIiYg#_00014,0
BaJCFzJIiYg#_00015,0
BaJCFzJIiYg#_00016,0
BaJCFzJIiYg#_00017,0
BaJCFzJIiYg#_00018,1
BaJCFzJIiYg#_00019,1
BaJCFzJIiYg#_00020,1
BaJCFzJIiYg#_00021,1
BaJCFzJIiYg#_00022,1
BaJCFzJIiYg#_00023,1
BaJCFzJIiYg#_00024,1
BaJCFzJIiYg#_00025,1
BaJCFzJIiYg#_00026,1
BaJCFzJIiYg#_00027,1
BaJCFzJIiYg#_00028,1
d12CT3bBljY#_00001,1
d12CT3bBljY#_00002,0
d12CT3bBljY#_00003,0
d12CT3bBljY#_00004,0
d12CT3bBljY#_00005,0
d12CT3bBljY#_00006,0
d12CT3bBljY#_00007,0
d12CT3bBljY#_00008,0
d12CT3bBljY#_00009,0
d12CT3bBljY#_00010,0
d12CT3bBljY#_00011,0
d12CT3bBljY#_00012,0
d12CT3bBljY#_00013,0
d12CT3bBljY#_00014,0
d12CT3bBljY#_00015,0
d12CT3bBljY#_00016,0
d12CT3bBljY#_00017,0
d12CT3bBljY#_00018,0
d12CT3bBljY#_00019,0
d12CT3bBljY#_00020,0
d12CT3bBljY#_00021,0
d12CT3bBljY#_00022,0
d12CT3bBljY#_00023,0
d12CT3bBljY#_00024,0
d12CT3bBljY#_00025,0
d12CT3bBljY#_00026,0
d12CT3bBljY#_00027,0
d12CT3bBljY#_00028,0
d12CT3bBljY#_00029,0
d12CT3bBljY#_00030,0
d12CT3bBljY#_00031,1
d12CT3bBljY#_00032,1
d12CT3bBljY#_00033,1
DJplNO8bfEA#_00001,1
DJplNO8bfEA#_00002,1
DJplNO8bfEA#_00003,1
DJplNO8bfEA#_00004,0
DJplNO8bfEA#_00005,0
DJplNO8bfEA#_00006,0
DJplNO8bfEA#_00007,0
DJplNO8bfEA#_00008,0
DJplNO8bfEA#_00009,0
DJplNO8bfEA#_00010,0
DJplNO8bfEA#_00011,0
DJplNO8bfEA#_00012,0
DJplNO8bfEA#_00013,0
DJplNO8bfEA#_00014,0
DJplNO8bfEA#_00015,1
DJplNO8bfEA#_00016,1
DJplNO8bfEA#_00017,0
DJplNO8bfEA#_00018,0
DJplNO8bfEA#_00019,0
DJplNO8bfEA#_00020,0
DJplNO8bfEA#_00021,0
DJplNO8bfEA#_00022,0
DJplNO8bfEA#_00023,0
DJplNO8bfEA#_00024,0
DJplNO8bfEA#_00025,0
DJplNO8bfEA#_00026,0
DJplNO8bfEA#_00027,0
DJplNO8bfEA#_00028,0
DJplNO8bfEA#_00029,0
DJplNO8bfEA#_00030,0
DJplNO8bfEA#_00031,0
DJplNO8bfEA#_00032,0
DJplNO8bfEA#_00033,0
DJplNO8bfEA#_00034,1
DJplNO8bfEA#_00035,1
DJplNO8bfEA#_00036,1
DJplNO8bfEA#_00037,1
DJplNO8bfEA#_00038,1
DJplNO8bfEA#_00039,1
DJplNO8bfEA#_00040,1
DJplNO8bfEA#_00041,1
DJplNO8bfEA#_00042,1
DJplNO8bfEA#_00043,1
DJplNO8bfEA#_00044,1
DJplNO8bfEA#_00045,1
DJplNO8bfEA#_00046,1
DJplNO8bfEA#_00047,1
DJplNO8bfEA#_00048,1
DJplNO8bfEA#_00049,1
DJplNO8bfEA#_00050,1
DJplNO8bfEA#_00051,1
DJplNO8bfEA#_00052,1
DJrcCsFn_no#_00001,1
DJrcCsFn_no#_00002,1
DJrcCsFn_no#_00003,0
DJrcCsFn_no#_00004,0
DJrcCsFn_no#_00005,0
DJrcCsFn_no#_00006,0
DJrcCsFn_no#_00007,0
DJrcCsFn_no#_00008,0
DJrcCsFn_no#_00009,0
DJrcCsFn_no#_00010,0
DJrcCsFn_no#_00011,0
DJrcCsFn_no#_00012,0
DJrcCsFn_no#_00013,0
DJrcCsFn_no#_00014,0
DJrcCsFn_no#_00015,0
DJrcCsFn_no#_00016,0
DJrcCsFn_no#_00017,0
DJrcCsFn_no#_00018,0
DJrcCsFn_no#_00019,0
DJrcCsFn_no#_00020,0
DJrcCsFn_no#_00021,0
DJrcCsFn_no#_00022,0
DJrcCsFn_no#_00023,0
DJrcCsFn_no#_00024,0
DJrcCsFn_no#_00025,0
DJrcCsFn_no#_00026,0
DJrcCsFn_no#_00027,0
DJrcCsFn_no#_00028,0
DJrcCsFn_no#_00029,0
DJrcCsFn_no#_00030,0
DJrcCsFn_no#_00031,0
DJrcCsFn_no#_00032,1
DJrcCsFn_no#_00033,1
DJrcCsFn_no#_00034,1
DJrcCsFn_no#_00035,0
DJrcCsFn_no#_00036,1
dwNg0522gy0#_00001,1
dwNg0522gy0#_00002,1
dwNg0522gy0#_00003,0
dwNg0522gy0#_00004,0
dwNg0522gy0#_00005,0
dwNg0522gy0#_00006,0
dwNg0522gy0#_00007,0
dwNg0522gy0#_00008,0
dwNg0522gy0#_00009,0
dwNg0522gy0#_00010,0
dwNg0522gy0#_00011,0
dwNg0522gy0#_00012,0
dwNg0522gy0#_00013,0
dwNg0522gy0#_00014,0
dwNg0522gy0#_00015,0
dwNg0522gy0#_00016,0
dwNg0522gy0#_00017,0
dwNg0522gy0#_00018,1
dwNg0522gy0#_00019,1
dwNg0522gy0#_00020,1
dY_727VOgmg#_00001,0
dY_727VOgmg#_00002,0
dY_727VOgmg#_00003,0
dY_727VOgmg#_00004,0
dY_727VOgmg#_00005,0
dY_727VOgmg#_00006,0
dY_727VOgmg#_00007,0
dY_727VOgmg#_00008,0
dY_727VOgmg#_00009,0
dY_727VOgmg#_00010,0
dY_727VOgmg#_00011,0
dY_727VOgmg#_00012,0
dY_727VOgmg#_00013,0
dY_727VOgmg#_00014,0
dY_727VOgmg#_00015,0
dY_727VOgmg#_00016,0
dY_727VOgmg#_00017,0
dY_727VOgmg#_00018,0
dY_727VOgmg#_00019,0
dY_727VOgmg#_00020,0
dY_727VOgmg#_00021,0
dY_727VOgmg#_00022,0
dY_727VOgmg#_00023,0
dY_727VOgmg#_00024,0
dY_727VOgmg#_00025,0
dY_727VOgmg#_00026,0
dY_727VOgmg#_00027,0
dY_727VOgmg#_00028,0
dY_727VOgmg#_00029,0
dY_727VOgmg#_00030,0
dY_727VOgmg#_00031,1
dY_727VOgmg#_00032,1
dY_727VOgmg#_00033,1
dY_727VOgmg#_00034,1
dY_727VOgmg#_00035,1
dY_727VOgmg#_00036,1
dY_727VOgmg#_00037,1
dY_727VOgmg#_00038,1
dY_727VOgmg#_00039,1
dY_727VOgmg#_00040,1
dY_727VOgmg#_00041,1
dY_727VOgmg#_00042,1
dY_727VOgmg#_00043,1
dY_727VOgmg#_00044,1
dY_727VOgmg#_00045,1
dY_727VOgmg#_00046,1
dY_727VOgmg#_00047,1
dY_727VOgmg#_00048,1
E6-eS_s2NNE#_00001,1
E6-eS_s2NNE#_00002,0
E6-eS_s2NNE#_00003,0
E6-eS_s2NNE#_00004,0
E6-eS_s2NNE#_00005,0
E6-eS_s2NNE#_00006,0
E6-eS_s2NNE#_00007,0
E6-eS_s2NNE#_00008,0
E6-eS_s2NNE#_00009,0
E6-eS_s2NNE#_00010,1
E6-eS_s2NNE#_00011,1
E6-eS_s2NNE#_00012,1
E6-eS_s2NNE#_00013,1
E6-eS_s2NNE#_00014,1
EbyzpHgcDho#_00001,0
EbyzpHgcDho#_00002,0
EbyzpHgcDho#_00003,0
EbyzpHgcDho#_00004,0
EbyzpHgcDho#_00005,0
EbyzpHgcDho#_00006,0
EbyzpHgcDho#_00007,0
EbyzpHgcDho#_00008,0
EbyzpHgcDho#_00009,0
EbyzpHgcDho#_00010,0
EbyzpHgcDho#_00011,0
EbyzpHgcDho#_00012,1
EbyzpHgcDho#_00013,0
EbyzpHgcDho#_00014,0
EbyzpHgcDho#_00015,0
EbyzpHgcDho#_00016,0
EbyzpHgcDho#_00017,0
EbyzpHgcDho#_00018,0
EbyzpHgcDho#_00019,0
EbyzpHgcDho#_00020,0
EbyzpHgcDho#_00021,0
EbyzpHgcDho#_00022,0
EbyzpHgcDho#_00023,0
EbyzpHgcDho#_00024,1
EbyzpHgcDho#_00025,1
EbyzpHgcDho#_00026,0
EbyzpHgcDho#_00027,0
EbyzpHgcDho#_00028,0
EbyzpHgcDho#_00029,0
EbyzpHgcDho#_00030,0
EbyzpHgcDho#_00031,0
EbyzpHgcDho#_00032,0
EbyzpHgcDho#_00033,0
EbyzpHgcDho#_00034,1
EbyzpHgcDho#_00035,1
EbyzpHgcDho#_00036,1
EbyzpHgcDho#_00037,1
EbyzpHgcDho#_00038,1
EbyzpHgcDho#_00039,1
EbyzpHgcDho#_00040,1
EbyzpHgcDho#_00041,1
EbyzpHgcDho#_00042,1
EbyzpHgcDho#_00043,1
EbyzpHgcDho#_00044,1
EbyzpHgcDho#_00045,1
EbyzpHgcDho#_00046,1
EbyzpHgcDho#_00047,1
EbyzpHgcDho#_00048,1
EbyzpHgcDho#_00049,1
EbyzpHgcDho#_00050,1
EbyzpHgcDho#_00051,1
EbyzpHgcDho#_00052,1
EbyzpHgcDho#_00053,1
EbyzpHgcDho#_00054,1
EbyzpHgcDho#_00055,1
EbyzpHgcDho#_00056,1
EbyzpHgcDho#_00057,1
EbyzpHgcDho#_00058,1
EbyzpHgcDho#_00059,1
EbyzpHgcDho#_00060,1
EbyzpHgcDho#_00061,1
EbyzpHgcDho#_00062,1
EbyzpHgcDho#_00063,1
gCoTWmtYL1s#_00001,1
gCoTWmtYL1s#_00002,1
gCoTWmtYL1s#_00003,1
gCoTWmtYL1s#_00004,1
gCoTWmtYL1s#_00005,1
gCoTWmtYL1s#_00006,1
gCoTWmtYL1s#_00007,1
gCoTWmtYL1s#_00008,1
gCoTWmtYL1s#_00009,1
gCoTWmtYL1s#_00010,1
gCoTWmtYL1s#_00011,1
gCoTWmtYL1s#_00012,1
gCoTWmtYL1s#_00013,1
gCoTWmtYL1s#_00014,1
gCoTWmtYL1s#_00015,1
gCoTWmtYL1s#_00016,1
gCoTWmtYL1s#_00017,1
gCoTWmtYL1s#_00018,1
gCoTWmtYL1s#_00019,0
gCoTWmtYL1s#_00020,0
gCoTWmtYL1s#_00021,0
gCoTWmtYL1s#_00022,0
gCoTWmtYL1s#_00023,0
gCoTWmtYL1s#_00024,0
gCoTWmtYL1s#_00025,0
gCoTWmtYL1s#_00026,0
gCoTWmtYL1s#_00027,0
gCoTWmtYL1s#_00028,0
gCoTWmtYL1s#_00029,0
gCoTWmtYL1s#_00030,0
gCoTWmtYL1s#_00031,0
gCoTWmtYL1s#_00032,0
gCoTWmtYL1s#_00033,0
gCoTWmtYL1s#_00034,0
gCoTWmtYL1s#_00035,0
gCoTWmtYL1s#_00036,1
gCoTWmtYL1s#_00037,1
gCoTWmtYL1s#_00038,1
gCoTWmtYL1s#_00039,0
gCoTWmtYL1s#_00040,0
gCoTWmtYL1s#_00041,0
gCoTWmtYL1s#_00042,0
gCoTWmtYL1s#_00043,0
gCoTWmtYL1s#_00044,0
gCoTWmtYL1s#_00045,0
gCoTWmtYL1s#_00046,0
gCoTWmtYL1s#_00047,1
gCoTWmtYL1s#_00048,1
gCoTWmtYL1s#_00049,0
gCoTWmtYL1s#_00050,0
gCoTWmtYL1s#_00051,0
gCoTWmtYL1s#_00052,0
gCoTWmtYL1s#_00053,0
gCoTWmtYL1s#_00054,0
gCoTWmtYL1s#_00055,0
gCoTWmtYL1s#_00056,0
gCoTWmtYL1s#_00057,0
gCoTWmtYL1s#_00058,0
gCoTWmtYL1s#_00059,1
gCoTWmtYL1s#_00060,0
gCoTWmtYL1s#_00061,1
gCoTWmtYL1s#_00062,0
gCoTWmtYL1s#_00063,0
gCoTWmtYL1s#_00064,0
gCoTWmtYL1s#_00065,0
gCoTWmtYL1s#_00066,0
gCoTWmtYL1s#_00067,1
gCoTWmtYL1s#_00068,1
gCoTWmtYL1s#_00069,0
gCoTWmtYL1s#_00070,0
gCoTWmtYL1s#_00071,0
gCoTWmtYL1s#_00072,0
gCoTWmtYL1s#_00073,0
gCoTWmtYL1s#_00074,0
gCoTWmtYL1s#_00075,0
gCoTWmtYL1s#_00076,0
gCoTWmtYL1s#_00077,0
gCoTWmtYL1s#_00078,0
gCoTWmtYL1s#_00079,0
gCoTWmtYL1s#_00080,1
gCoTWmtYL1s#_00081,1
gCoTWmtYL1s#_00082,1
gCoTWmtYL1s#_00083,1
gCoTWmtYL1s#_00084,1
gCoTWmtYL1s#_00085,1
gCoTWmtYL1s#_00086,1
gCoTWmtYL1s#_00087,1
gCoTWmtYL1s#_00088,1
gCoTWmtYL1s#_00089,1
gCoTWmtYL1s#_00090,1
gCoTWmtYL1s#_00091,1
gCoTWmtYL1s#_00092,0
gCoTWmtYL1s#_00093,1
gCoTWmtYL1s#_00094,1
GL5Z2fAgx0k#_00001,1
GL5Z2fAgx0k#_00002,0
GL5Z2fAgx0k#_00003,0
GL5Z2fAgx0k#_00004,0
GL5Z2fAgx0k#_00005,0
GL5Z2fAgx0k#_00006,0
GL5Z2fAgx0k#_00007,0
GL5Z2fAgx0k#_00008,0
GL5Z2fAgx0k#_00009,0
GL5Z2fAgx0k#_00010,1
GL5Z2fAgx0k#_00011,1
GL5Z2fAgx0k#_00012,1
HJPfDtdLtlI#_00001,0
HJPfDtdLtlI#_00002,1
HJPfDtdLtlI#_00003,1
HJPfDtdLtlI#_00004,1
HJPfDtdLtlI#_00005,0
HJPfDtdLtlI#_00006,0
HJPfDtdLtlI#_00007,0
HJPfDtdLtlI#_00008,0
HJPfDtdLtlI#_00009,0
HJPfDtdLtlI#_00010,0
HJPfDtdLtlI#_00011,0
HJPfDtdLtlI#_00012,0
HJPfDtdLtlI#_00013,0
HJPfDtdLtlI#_00014,1
HJPfDtdLtlI#_00015,1
HJPfDtdLtlI#_00016,0
HJPfDtdLtlI#_00017,0
HJPfDtdLtlI#_00018,0
HJPfDtdLtlI#_00019,0
HJPfDtdLtlI#_00020,0
HJPfDtdLtlI#_00021,0
HJPfDtdLtlI#_00022,0
HJPfDtdLtlI#_00023,0
HJPfDtdLtlI#_00024,0
HJPfDtdLtlI#_00025,0
HJPfDtdLtlI#_00026,1
HJPfDtdLtlI#_00027,0
HJPfDtdLtlI#_00028,0
HJPfDtdLtlI#_00029,0
HJPfDtdLtlI#_00030,0
HJPfDtdLtlI#_00031,0
HJPfDtdLtlI#_00032,0
HJPfDtdLtlI#_00033,0
HJPfDtdLtlI#_00034,0
HJPfDtdLtlI#_00035,1
HJPfDtdLtlI#_00036,1
HJPfDtdLtlI#_00037,1
HJPfDtdLtlI#_00038,1
HJPfDtdLtlI#_00039,0
HJPfDtdLtlI#_00040,0
HJPfDtdLtlI#_00041,0
HJPfDtdLtlI#_00042,0
HJPfDtdLtlI#_00043,0
HJPfDtdLtlI#_00044,0
HJPfDtdLtlI#_00045,0
HJPfDtdLtlI#_00046,0
HJPfDtdLtlI#_00047,0
HJPfDtdLtlI#_00048,1
HJPfDtdLtlI#_00049,1
HJPfDtdLtlI#_00050,1
HJPfDtdLtlI#_00051,1
HJPfDtdLtlI#_00052,1
HJPfDtdLtlI#_00053,1
HJPfDtdLtlI#_00054,1
HJPfDtdLtlI#_00055,1
HJPfDtdLtlI#_00056,1
HJPfDtdLtlI#_00057,1
HJPfDtdLtlI#_00058,1
HJPfDtdLtlI#_00059,1
HJPfDtdLtlI#_00060,1
HJPfDtdLtlI#_00061,1
i9oGxKMiE_8#_00001,1
i9oGxKMiE_8#_00002,0
i9oGxKMiE_8#_00003,0
i9oGxKMiE_8#_00004,0
i9oGxKMiE_8#_00005,0
i9oGxKMiE_8#_00006,0
i9oGxKMiE_8#_00007,0
i9oGxKMiE_8#_00008,1
i9oGxKMiE_8#_00009,1
i9oGxKMiE_8#_00010,1
IDJKYpmNY88#_00001,0
IDJKYpmNY88#_00002,0
IDJKYpmNY88#_00003,0
IDJKYpmNY88#_00004,0
IDJKYpmNY88#_00005,0
IDJKYpmNY88#_00006,0
IDJKYpmNY88#_00007,0
IDJKYpmNY88#_00008,0
IDJKYpmNY88#_00009,0
IDJKYpmNY88#_00010,0
IDJKYpmNY88#_00011,0
IDJKYpmNY88#_00012,0
IDJKYpmNY88#_00013,0
IDJKYpmNY88#_00014,0
IDJKYpmNY88#_00015,0
IDJKYpmNY88#_00016,0
IDJKYpmNY88#_00017,0
IDJKYpmNY88#_00018,1
IDJKYpmNY88#_00019,0
IDJKYpmNY88#_00020,0
IDJKYpmNY88#_00021,0
IDJKYpmNY88#_00022,0
IDJKYpmNY88#_00023,0
IDJKYpmNY88#_00024,0
IDJKYpmNY88#_00025,0
IDJKYpmNY88#_00026,0
IDJKYpmNY88#_00027,0
IDJKYpmNY88#_00028,0
IDJKYpmNY88#_00029,0
IDJKYpmNY88#_00030,0
IDJKYpmNY88#_00031,0
IDJKYpmNY88#_00032,0
IDJKYpmNY88#_00033,0
IDJKYpmNY88#_00034,0
IDJKYpmNY88#_00035,0
IDJKYpmNY88#_00036,0
IDJKYpmNY88#_00037,0
IDJKYpmNY88#_00038,0
IDJKYpmNY88#_00039,0
IDJKYpmNY88#_00040,0
IDJKYpmNY88#_00041,0
IDJKYpmNY88#_00042,0
IDJKYpmNY88#_00043,1
iDjY-AN6qqU#_00001,1
iDjY-AN6qqU#_00002,0
iDjY-AN6qqU#_00003,0
iDjY-AN6qqU#_00004,0
iDjY-AN6qqU#_00005,0
iDjY-AN6qqU#_00006,0
iDjY-AN6qqU#_00007,0
iDjY-AN6qqU#_00008,1
iDjY-AN6qqU#_00009,1
ihUedmzxGLQ#_00001,1
ihUedmzxGLQ#_00002,0
ihUedmzxGLQ#_00003,0
ihUedmzxGLQ#_00004,0
ihUedmzxGLQ#_00005,0
ihUedmzxGLQ#_00006,0
ihUedmzxGLQ#_00007,0
ihUedmzxGLQ#_00008,0
ihUedmzxGLQ#_00009,0
ihUedmzxGLQ#_00010,0
ihUedmzxGLQ#_00011,1
ihUedmzxGLQ#_00012,1
ihUedmzxGLQ#_00013,1
ihUedmzxGLQ#_00014,1
ihUedmzxGLQ#_00015,1
KIj9yFDbD9Y#_00001,1
KIj9yFDbD9Y#_00002,0
KIj9yFDbD9Y#_00003,0
KIj9yFDbD9Y#_00004,0
KIj9yFDbD9Y#_00005,0
KIj9yFDbD9Y#_00006,0
KIj9yFDbD9Y#_00007,0
KIj9yFDbD9Y#_00008,0
KIj9yFDbD9Y#_00009,0
KIj9yFDbD9Y#_00010,1
KIj9yFDbD9Y#_00011,0
KIj9yFDbD9Y#_00012,0
KIj9yFDbD9Y#_00013,0
KIj9yFDbD9Y#_00014,0
KIj9yFDbD9Y#_00015,0
KIj9yFDbD9Y#_00016,0
KIj9yFDbD9Y#_00017,0
KIj9yFDbD9Y#_00018,0
KIj9yFDbD9Y#_00019,1
KIj9yFDbD9Y#_00020,1
KIj9yFDbD9Y#_00021,1
kL9aoJSBTU4#_00001,1
kL9aoJSBTU4#_00002,0
kL9aoJSBTU4#_00003,0
kL9aoJSBTU4#_00004,0
kL9aoJSBTU4#_00005,0
kL9aoJSBTU4#_00006,0
kL9aoJSBTU4#_00007,0
kL9aoJSBTU4#_00008,0
kL9aoJSBTU4#_00009,0
kL9aoJSBTU4#_00010,0
kL9aoJSBTU4#_00011,0
kL9aoJSBTU4#_00012,0
kL9aoJSBTU4#_00013,0
kL9aoJSBTU4#_00014,0
kL9aoJSBTU4#_00015,1
kL9aoJSBTU4#_00016,1
KPx9Qj0f5KE#_00001,1
KPx9Qj0f5KE#_00002,1
KPx9Qj0f5KE#_00003,1
KPx9Qj0f5KE#_00004,1
KPx9Qj0f5KE#_00005,1
KPx9Qj0f5KE#_00006,1
KPx9Qj0f5KE#_00007,1
KPx9Qj0f5KE#_00008,1
KPx9Qj0f5KE#_00009,1
KPx9Qj0f5KE#_00010,1
KPx9Qj0f5KE#_00011,0
KPx9Qj0f5KE#_00012,0
KPx9Qj0f5KE#_00013,0
KPx9Qj0f5KE#_00014,0
KPx9Qj0f5KE#_00015,0
KPx9Qj0f5KE#_00016,0
KPx9Qj0f5KE#_00017,0
KPx9Qj0f5KE#_00018,0
KPx9Qj0f5KE#_00019,0
KPx9Qj0f5KE#_00020,0
KPx9Qj0f5KE#_00021,1
KPx9Qj0f5KE#_00022,1
KPx9Qj0f5KE#_00023,1
KYZ2_INFAOc#_00001,0
KYZ2_INFAOc#_00002,0
KYZ2_INFAOc#_00003,0
KYZ2_INFAOc#_00004,0
KYZ2_INFAOc#_00005,0
KYZ2_INFAOc#_00006,0
KYZ2_INFAOc#_00007,0
KYZ2_INFAOc#_00008,0
KYZ2_INFAOc#_00009,0
KYZ2_INFAOc#_00010,0
KYZ2_INFAOc#_00011,0
KYZ2_INFAOc#_00012,0
KYZ2_INFAOc#_00013,0
KYZ2_INFAOc#_00014,0
KYZ2_INFAOc#_00015,0
KYZ2_INFAOc#_00016,0
KYZ2_INFAOc#_00017,0
KYZ2_INFAOc#_00018,0
KYZ2_INFAOc#_00019,0
KYZ2_INFAOc#_00020,0
KYZ2_INFAOc#_00021,0
KYZ2_INFAOc#_00022,0
KYZ2_INFAOc#_00023,1
M4CyQAJhn4U#_00001,1
M4CyQAJhn4U#_00002,1
M4CyQAJhn4U#_00003,1
M4CyQAJhn4U#_00004,1
M4CyQAJhn4U#_00005,1
M4CyQAJhn4U#_00006,1
M4CyQAJhn4U#_00007,1
M4CyQAJhn4U#_00008,1
M4CyQAJhn4U#_00009,1
M4CyQAJhn4U#_00010,1
M4CyQAJhn4U#_00011,1
M4CyQAJhn4U#_00012,1
M4CyQAJhn4U#_00013,1
M4CyQAJhn4U#_00014,1
M4CyQAJhn4U#_00015,1
M4CyQAJhn4U#_00016,0
M4CyQAJhn4U#_00017,0
M4CyQAJhn4U#_00018,0
M4CyQAJhn4U#_00019,0
M4CyQAJhn4U#_00020,0
M4CyQAJhn4U#_00021,0
M4CyQAJhn4U#_00022,0
M4CyQAJhn4U#_00023,0
M4CyQAJhn4U#_00024,0
M4CyQAJhn4U#_00025,0
M4CyQAJhn4U#_00026,0
M4CyQAJhn4U#_00027,0
M4CyQAJhn4U#_00028,0
M4CyQAJhn4U#_00029,0
M4CyQAJhn4U#_00030,0
M4CyQAJhn4U#_00031,0
M4CyQAJhn4U#_00032,0
M4CyQAJhn4U#_00033,0
M4CyQAJhn4U#_00034,0
M4CyQAJhn4U#_00035,0
M4CyQAJhn4U#_00036,1
M4CyQAJhn4U#_00037,1
M4CyQAJhn4U#_00038,1
M8D8nXH9EFE#_00001,1
M8D8nXH9EFE#_00002,0
M8D8nXH9EFE#_00003,0
M8D8nXH9EFE#_00004,0
M8D8nXH9EFE#_00005,0
M8D8nXH9EFE#_00006,0
M8D8nXH9EFE#_00007,0
M8D8nXH9EFE#_00008,0
M8D8nXH9EFE#_00009,0
M8D8nXH9EFE#_00010,0
M8D8nXH9EFE#_00011,0
M8D8nXH9EFE#_00012,0
M8D8nXH9EFE#_00013,0
M8D8nXH9EFE#_00014,0
M8D8nXH9EFE#_00015,0
M8D8nXH9EFE#_00016,0
M8D8nXH9EFE#_00017,1
M8D8nXH9EFE#_00018,1
M8D8nXH9EFE#_00019,1
mk-KPieUzK8#_00001,0
mk-KPieUzK8#_00002,0
mk-KPieUzK8#_00003,0
mk-KPieUzK8#_00004,0
mk-KPieUzK8#_00005,0
mk-KPieUzK8#_00006,0
mk-KPieUzK8#_00007,0
mk-KPieUzK8#_00008,0
mk-KPieUzK8#_00009,0
mk-KPieUzK8#_00010,0
mk-KPieUzK8#_00011,0
mk-KPieUzK8#_00012,0
mk-KPieUzK8#_00013,0
mk-KPieUzK8#_00014,0
mk-KPieUzK8#_00015,0
mk-KPieUzK8#_00016,0
mk-KPieUzK8#_00017,0
mk-KPieUzK8#_00018,0
mk-KPieUzK8#_00019,0
mk-KPieUzK8#_00020,0
mk-KPieUzK8#_00021,0
mk-KPieUzK8#_00022,0
mk-KPieUzK8#_00023,0
mk-KPieUzK8#_00024,1
MtEfiYjOF6w#_00001,1
MtEfiYjOF6w#_00002,1
MtEfiYjOF6w#_00003,1
MtEfiYjOF6w#_00004,1
MtEfiYjOF6w#_00005,1
MtEfiYjOF6w#_00006,1
MtEfiYjOF6w#_00007,0
MtEfiYjOF6w#_00008,0
MtEfiYjOF6w#_00009,0
MtEfiYjOF6w#_00010,0
MtEfiYjOF6w#_00011,0
MtEfiYjOF6w#_00012,0
MtEfiYjOF6w#_00013,0
MtEfiYjOF6w#_00014,0
MtEfiYjOF6w#_00015,1
MtEfiYjOF6w#_00016,1
MtEfiYjOF6w#_00017,1
MtEfiYjOF6w#_00018,1
N7WRNnAbkoE#_00001,1
N7WRNnAbkoE#_00002,0
N7WRNnAbkoE#_00003,0
N7WRNnAbkoE#_00004,0
N7WRNnAbkoE#_00005,0
N7WRNnAbkoE#_00006,0
N7WRNnAbkoE#_00007,0
N7WRNnAbkoE#_00008,0
N7WRNnAbkoE#_00009,0
N7WRNnAbkoE#_00010,0
N7WRNnAbkoE#_00011,0
N7WRNnAbkoE#_00012,0
N7WRNnAbkoE#_00013,0
N7WRNnAbkoE#_00014,0
N7WRNnAbkoE#_00015,0
N7WRNnAbkoE#_00016,0
N7WRNnAbkoE#_00017,0
N7WRNnAbkoE#_00018,1
N7WRNnAbkoE#_00019,1
N9jyKqVZdW0#_00001,1
N9jyKqVZdW0#_00002,0
N9jyKqVZdW0#_00003,0
N9jyKqVZdW0#_00004,0
N9jyKqVZdW0#_00005,0
N9jyKqVZdW0#_00006,0
N9jyKqVZdW0#_00007,0
N9jyKqVZdW0#_00008,0
N9jyKqVZdW0#_00009,0
N9jyKqVZdW0#_00010,0
N9jyKqVZdW0#_00011,0
N9jyKqVZdW0#_00012,1
N9jyKqVZdW0#_00013,1
nL7bXYKUkLg#_00001,0
nL7bXYKUkLg#_00002,0
nL7bXYKUkLg#_00003,0
nL7bXYKUkLg#_00004,0
nL7bXYKUkLg#_00005,0
nL7bXYKUkLg#_00006,0
nL7bXYKUkLg#_00007,0
nL7bXYKUkLg#_00008,0
nL7bXYKUkLg#_00009,0
nL7bXYKUkLg#_00010,0
nL7bXYKUkLg#_00011,0
nL7bXYKUkLg#_00012,0
nL7bXYKUkLg#_00013,0
nL7bXYKUkLg#_00014,0
nL7bXYKUkLg#_00015,0
nL7bXYKUkLg#_00016,1
nL7bXYKUkLg#_00017,1
nL7bXYKUkLg#_00018,1
nL7bXYKUkLg#_00019,1
nL7bXYKUkLg#_00020,1
nL7bXYKUkLg#_00021,1
nL7bXYKUkLg#_00022,1
nT9zzN4Ydhg#_00001,1
nT9zzN4Ydhg#_00002,0
nT9zzN4Ydhg#_00003,0
nT9zzN4Ydhg#_00004,0
nT9zzN4Ydhg#_00005,0
nT9zzN4Ydhg#_00006,0
nT9zzN4Ydhg#_00007,0
nT9zzN4Ydhg#_00008,0
nT9zzN4Ydhg#_00009,0
nT9zzN4Ydhg#_00010,0
nT9zzN4Ydhg#_00011,0
nT9zzN4Ydhg#_00012,0
nT9zzN4Ydhg#_00013,0
nT9zzN4Ydhg#_00014,0
nT9zzN4Ydhg#_00015,0
nT9zzN4Ydhg#_00016,0
nT9zzN4Ydhg#_00017,0
nT9zzN4Ydhg#_00018,0
nT9zzN4Ydhg#_00019,1
nT9zzN4Ydhg#_00020,1
nT9zzN4Ydhg#_00021,1
nT9zzN4Ydhg#_00022,1
nT9zzN4Ydhg#_00023,1
nT9zzN4Ydhg#_00024,1
nT9zzN4Ydhg#_00025,1
nT9zzN4Ydhg#_00026,1
pd78qW_iB2M#_00001,1
pd78qW_iB2M#_00002,1
pd78qW_iB2M#_00003,0
pd78qW_iB2M#_00004,0
pd78qW_iB2M#_00005,0
pd78qW_iB2M#_00006,0
pd78qW_iB2M#_00007,0
pd78qW_iB2M#_00008,0
pd78qW_iB2M#_00009,1
pd78qW_iB2M#_00010,1
QfQf3waoDoQ#_00001,1
QfQf3waoDoQ#_00002,1
QfQf3waoDoQ#_00003,1
QfQf3waoDoQ#_00004,1
QfQf3waoDoQ#_00005,1
QfQf3waoDoQ#_00006,1
QfQf3waoDoQ#_00007,1
QfQf3waoDoQ#_00008,1
QfQf3waoDoQ#_00009,1
QfQf3waoDoQ#_00010,0
QfQf3waoDoQ#_00011,1
QfQf3waoDoQ#_00012,0
QfQf3waoDoQ#_00013,0
QfQf3waoDoQ#_00014,0
QfQf3waoDoQ#_00015,0
QfQf3waoDoQ#_00016,0
QfQf3waoDoQ#_00017,0
QfQf3waoDoQ#_00018,0
QfQf3waoDoQ#_00019,0
QfQf3waoDoQ#_00020,0
QfQf3waoDoQ#_00021,0
QfQf3waoDoQ#_00022,0
QfQf3waoDoQ#_00023,1
QfQf3waoDoQ#_00024,1
RlVGYHOxfYY#_00001,1
RlVGYHOxfYY#_00002,0
RlVGYHOxfYY#_00003,0
RlVGYHOxfYY#_00004,0
RlVGYHOxfYY#_00005,0
RlVGYHOxfYY#_00006,0
RlVGYHOxfYY#_00007,0
RlVGYHOxfYY#_00008,0
RlVGYHOxfYY#_00009,0
RlVGYHOxfYY#_00010,0
RlVGYHOxfYY#_00011,0
RlVGYHOxfYY#_00012,0
RlVGYHOxfYY#_00013,0
RlVGYHOxfYY#_00014,0
RlVGYHOxfYY#_00015,0
RlVGYHOxfYY#_00016,0
RlVGYHOxfYY#_00017,0
RlVGYHOxfYY#_00018,1
RlVGYHOxfYY#_00019,1
RlVGYHOxfYY#_00020,1
vaCB7MKPiFw#_00001,1
vaCB7MKPiFw#_00002,1
vaCB7MKPiFw#_00003,1
vaCB7MKPiFw#_00004,1
vaCB7MKPiFw#_00005,0
vaCB7MKPiFw#_00006,0
vaCB7MKPiFw#_00007,0
vaCB7MKPiFw#_00008,0
vaCB7MKPiFw#_00009,0
vaCB7MKPiFw#_00010,1
vaCB7MKPiFw#_00011,1
WWdbleoC9Ag#_00001,1
WWdbleoC9Ag#_00002,1
WWdbleoC9Ag#_00003,1
WWdbleoC9Ag#_00004,0
WWdbleoC9Ag#_00005,0
WWdbleoC9Ag#_00006,0
WWdbleoC9Ag#_00007,0
WWdbleoC9Ag#_00008,0
WWdbleoC9Ag#_00009,0
WWdbleoC9Ag#_00010,0
WWdbleoC9Ag#_00011,0
WWdbleoC9Ag#_00012,0
WWdbleoC9Ag#_00013,0
WWdbleoC9Ag#_00014,0
WWdbleoC9Ag#_00015,0
WWdbleoC9Ag#_00016,1
WWdbleoC9Ag#_00017,1
XHR2ty5n1Mc#_00001,1
XHR2ty5n1Mc#_00002,1
XHR2ty5n1Mc#_00003,0
XHR2ty5n1Mc#_00004,0
XHR2ty5n1Mc#_00005,0
XHR2ty5n1Mc#_00006,0
XHR2ty5n1Mc#_00007,0
XHR2ty5n1Mc#_00008,0
XHR2ty5n1Mc#_00009,0
XHR2ty5n1Mc#_00010,0
XHR2ty5n1Mc#_00011,0
XHR2ty5n1Mc#_00012,0
XHR2ty5n1Mc#_00013,0
XHR2ty5n1Mc#_00014,0
XHR2ty5n1Mc#_00015,0
XHR2ty5n1Mc#_00016,0
XHR2ty5n1Mc#_00017,0
XHR2ty5n1Mc#_00018,1
XHR2ty5n1Mc#_00019,1
XkuhEAcXmLo#_00001,1
XkuhEAcXmLo#_00002,0
XkuhEAcXmLo#_00003,0
XkuhEAcXmLo#_00004,0
XkuhEAcXmLo#_00005,0
XkuhEAcXmLo#_00006,0
XkuhEAcXmLo#_00007,0
XkuhEAcXmLo#_00008,0
XkuhEAcXmLo#_00009,0
XkuhEAcXmLo#_00010,0
XkuhEAcXmLo#_00011,0
XkuhEAcXmLo#_00012,0
XkuhEAcXmLo#_00013,0
XkuhEAcXmLo#_00014,0
XkuhEAcXmLo#_00015,1
XkuhEAcXmLo#_00016,1
XkuhEAcXmLo#_00017,1
xl5x43lDfb0#_00001,1
xl5x43lDfb0#_00002,0
xl5x43lDfb0#_00003,0
xl5x43lDfb0#_00004,0
xl5x43lDfb0#_00005,0
xl5x43lDfb0#_00006,0
xl5x43lDfb0#_00007,0
xl5x43lDfb0#_00008,0
xl5x43lDfb0#_00009,0
xl5x43lDfb0#_00010,0
xl5x43lDfb0#_00011,0
xl5x43lDfb0#_00012,0
xl5x43lDfb0#_00013,0
xl5x43lDfb0#_00014,0
xl5x43lDfb0#_00015,0
xl5x43lDfb0#_00016,1
xYYMsc7ponY#_00001,1
xYYMsc7ponY#_00002,1
xYYMsc7ponY#_00003,0
xYYMsc7ponY#_00004,0
xYYMsc7ponY#_00005,0
xYYMsc7ponY#_00006,0
xYYMsc7ponY#_00007,0
xYYMsc7ponY#_00008,0
xYYMsc7ponY#_00009,0
xYYMsc7ponY#_00010,1
xYYMsc7ponY#_00011,1
xYYMsc7ponY#_00012,1
YB90CRsEjWA#_00001,1
YB90CRsEjWA#_00002,0
YB90CRsEjWA#_00003,0
YB90CRsEjWA#_00004,0
YB90CRsEjWA#_00005,0
YB90CRsEjWA#_00006,0
YB90CRsEjWA#_00007,0
YB90CRsEjWA#_00008,0
YB90CRsEjWA#_00009,0
YB90CRsEjWA#_00010,0
YB90CRsEjWA#_00011,0
YB90CRsEjWA#_00012,0
YB90CRsEjWA#_00013,1
YB90CRsEjWA#_00014,1
YB90CRsEjWA#_00015,1
ZRFm7UgBERs#_00001,1
ZRFm7UgBERs#_00002,0
ZRFm7UgBERs#_00003,0
ZRFm7UgBERs#_00004,0
ZRFm7UgBERs#_00005,0
ZRFm7UgBERs#_00006,0
ZRFm7UgBERs#_00007,0
ZRFm7UgBERs#_00008,0
ZRFm7UgBERs#_00009,0
ZRFm7UgBERs#_00010,1
ZRFm7UgBERs#_00011,1
3PceYARJsmM#_00001,1
3PceYARJsmM#_00002,1
3PceYARJsmM#_00003,1
3PceYARJsmM#_00004,1
3PceYARJsmM#_00005,1
3PceYARJsmM#_00006,1
3PceYARJsmM#_00007,1
3PceYARJsmM#_00008,1
3PceYARJsmM#_00009,1
3PceYARJsmM#_00010,1
3PceYARJsmM#_00011,1
3PceYARJsmM#_00012,1
3PceYARJsmM#_00013,1
3PceYARJsmM#_00014,1
3PceYARJsmM#_00015,1
3PceYARJsmM#_00016,1
3PceYARJsmM#_00017,1
3PceYARJsmM#_00018,1
3PceYARJsmM#_00019,1
3PceYARJsmM#_00020,1
3PceYARJsmM#_00021,1
3PceYARJsmM#_00022,1
3PceYARJsmM#_00023,1
3PceYARJsmM#_00024,1
3PceYARJsmM#_00025,1
3PceYARJsmM#_00026,1
3PceYARJsmM#_00027,1
3PceYARJsmM#_00028,1
3PceYARJsmM#_00029,1
3PceYARJsmM#_00030,1
3PceYARJsmM#_00031,1
3PceYARJsmM#_00032,1
3PceYARJsmM#_00033,1
3PceYARJsmM#_00034,1
3PceYARJsmM#_00035,1
3PceYARJsmM#_00036,1
3PceYARJsmM#_00037,1
3PceYARJsmM#_00038,1
3PceYARJsmM#_00039,1
3PceYARJsmM#_00040,1
3PceYARJsmM#_00041,1
3PceYARJsmM#_00042,1
6HRpwB5n_Zk#_00001,1
6HRpwB5n_Zk#_00002,1
6HRpwB5n_Zk#_00003,1
6HRpwB5n_Zk#_00004,1
6HRpwB5n_Zk#_00005,1
6HRpwB5n_Zk#_00006,1
6HRpwB5n_Zk#_00007,1
6HRpwB5n_Zk#_00008,1
6HRpwB5n_Zk#_00009,1
6HRpwB5n_Zk#_00010,1
6HRpwB5n_Zk#_00011,1
6HRpwB5n_Zk#_00012,1
6HRpwB5n_Zk#_00013,1
6HRpwB5n_Zk#_00014,1
6HRpwB5n_Zk#_00015,1
6HRpwB5n_Zk#_00016,1
6HRpwB5n_Zk#_00017,1
6HRpwB5n_Zk#_00018,1
6HRpwB5n_Zk#_00019,1
6HRpwB5n_Zk#_00020,0
6HRpwB5n_Zk#_00021,0
6HRpwB5n_Zk#_00022,0
6HRpwB5n_Zk#_00023,0
6HRpwB5n_Zk#_00024,0
6HRpwB5n_Zk#_00025,0
6HRpwB5n_Zk#_00026,0
6HRpwB5n_Zk#_00027,0
6HRpwB5n_Zk#_00028,0
6HRpwB5n_Zk#_00029,0
6HRpwB5n_Zk#_00030,0
6HRpwB5n_Zk#_00031,0
6HRpwB5n_Zk#_00032,0
6HRpwB5n_Zk#_00033,0
6HRpwB5n_Zk#_00034,0
6HRpwB5n_Zk#_00035,0
6HRpwB5n_Zk#_00036,1
6HRpwB5n_Zk#_00037,1
6HRpwB5n_Zk#_00038,0
6HRpwB5n_Zk#_00039,0
6HRpwB5n_Zk#_00040,0
6HRpwB5n_Zk#_00041,0
6HRpwB5n_Zk#_00042,0
6HRpwB5n_Zk#_00043,0
6HRpwB5n_Zk#_00044,0
6HRpwB5n_Zk#_00045,0
6HRpwB5n_Zk#_00046,0
6HRpwB5n_Zk#_00047,0
6HRpwB5n_Zk#_00048,0
6HRpwB5n_Zk#_00049,1
6HRpwB5n_Zk#_00050,1
6HRpwB5n_Zk#_00051,1
6HRpwB5n_Zk#_00052,1
6HRpwB5n_Zk#_00053,1
6HRpwB5n_Zk#_00054,1
6HRpwB5n_Zk#_00055,1
6HRpwB5n_Zk#_00056,1
6HRpwB5n_Zk#_00057,1
6HRpwB5n_Zk#_00058,1
6HRpwB5n_Zk#_00059,1
6HRpwB5n_Zk#_00060,1
6HRpwB5n_Zk#_00061,1
6HRpwB5n_Zk#_00062,1
AkXNtQA41Ho#_00001,1
AkXNtQA41Ho#_00002,1
AkXNtQA41Ho#_00003,1
AkXNtQA41Ho#_00004,1
AkXNtQA41Ho#_00005,1
AkXNtQA41Ho#_00006,1
AkXNtQA41Ho#_00007,1
AkXNtQA41Ho#_00008,1
AkXNtQA41Ho#_00009,1
AkXNtQA41Ho#_00010,0
AkXNtQA41Ho#_00011,0
AkXNtQA41Ho#_00012,0
AkXNtQA41Ho#_00013,0
AkXNtQA41Ho#_00014,0
AkXNtQA41Ho#_00015,0
AkXNtQA41Ho#_00016,0
AkXNtQA41Ho#_00017,0
AkXNtQA41Ho#_00018,1
AkXNtQA41Ho#_00019,0
AkXNtQA41Ho#_00020,0
AkXNtQA41Ho#_00021,0
AkXNtQA41Ho#_00022,0
AkXNtQA41Ho#_00023,0
AkXNtQA41Ho#_00024,0
AkXNtQA41Ho#_00025,0
AkXNtQA41Ho#_00026,0
AkXNtQA41Ho#_00027,0
AkXNtQA41Ho#_00028,0
AkXNtQA41Ho#_00029,0
AkXNtQA41Ho#_00030,1
AkXNtQA41Ho#_00031,1
AkXNtQA41Ho#_00032,1
AkXNtQA41Ho#_00033,1
AkXNtQA41Ho#_00034,1
AkXNtQA41Ho#_00035,1
AkXNtQA41Ho#_00036,1
AkXNtQA41Ho#_00037,1
AkXNtQA41Ho#_00038,1
AkXNtQA41Ho#_00039,1
AkXNtQA41Ho#_00040,1
AkXNtQA41Ho#_00041,1
AkXNtQA41Ho#_00042,1
AkXNtQA41Ho#_00043,1
AkXNtQA41Ho#_00044,1
b3d5NQojLZA#_00001,1
b3d5NQojLZA#_00002,1
b3d5NQojLZA#_00003,1
b3d5NQojLZA#_00004,1
b3d5NQojLZA#_00005,1
b3d5NQojLZA#_00006,1
b3d5NQojLZA#_00007,1
b3d5NQojLZA#_00008,1
b3d5NQojLZA#_00009,1
b3d5NQojLZA#_00010,1
b3d5NQojLZA#_00011,1
b3d5NQojLZA#_00012,1
b3d5NQojLZA#_00013,1
b3d5NQojLZA#_00014,0
b3d5NQojLZA#_00015,0
b3d5NQojLZA#_00016,0
b3d5NQojLZA#_00017,0
b3d5NQojLZA#_00018,0
b3d5NQojLZA#_00019,0
b3d5NQojLZA#_00020,0
b3d5NQojLZA#_00021,1
b3d5NQojLZA#_00022,1
b3d5NQojLZA#_00023,1
b3d5NQojLZA#_00024,0
b3d5NQojLZA#_00025,0
b3d5NQojLZA#_00026,0
b3d5NQojLZA#_00027,0
b3d5NQojLZA#_00028,0
b3d5NQojLZA#_00029,0
b3d5NQojLZA#_00030,1
b3d5NQojLZA#_00031,1
b3d5NQojLZA#_00032,1
b3d5NQojLZA#_00033,1
b3d5NQojLZA#_00034,1
b3d5NQojLZA#_00035,1
b3d5NQojLZA#_00036,1
b3d5NQojLZA#_00037,1
b3d5NQojLZA#_00038,1
b3d5NQojLZA#_00039,1
b3d5NQojLZA#_00040,1
CxOYqINyYy4#_00001,0
CxOYqINyYy4#_00002,0
CxOYqINyYy4#_00003,0
CxOYqINyYy4#_00004,0
CxOYqINyYy4#_00005,0
CxOYqINyYy4#_00006,0
CxOYqINyYy4#_00007,0
CxOYqINyYy4#_00008,0
CxOYqINyYy4#_00009,1
CxOYqINyYy4#_00010,1
CxOYqINyYy4#_00011,0
CxOYqINyYy4#_00012,0
CxOYqINyYy4#_00013,0
CxOYqINyYy4#_00014,0
CxOYqINyYy4#_00015,0
CxOYqINyYy4#_00016,0
CxOYqINyYy4#_00017,0
CxOYqINyYy4#_00018,0
CxOYqINyYy4#_00019,0
CxOYqINyYy4#_00020,0
CxOYqINyYy4#_00021,0
CxOYqINyYy4#_00022,1
dbPV8qA-Amc#_00001,1
dbPV8qA-Amc#_00002,1
dbPV8qA-Amc#_00003,1
dbPV8qA-Amc#_00004,1
dbPV8qA-Amc#_00005,1
dbPV8qA-Amc#_00006,1
dbPV8qA-Amc#_00007,1
dbPV8qA-Amc#_00008,1
dbPV8qA-Amc#_00009,1
dbPV8qA-Amc#_00010,1
dbPV8qA-Amc#_00011,1
dbPV8qA-Amc#_00012,1
dbPV8qA-Amc#_00013,1
dbPV8qA-Amc#_00014,1
dbPV8qA-Amc#_00015,1
dbPV8qA-Amc#_00016,0
dbPV8qA-Amc#_00017,0
dbPV8qA-Amc#_00018,0
dbPV8qA-Amc#_00019,0
dbPV8qA-Amc#_00020,0
dbPV8qA-Amc#_00021,0
dbPV8qA-Amc#_00022,0
dbPV8qA-Amc#_00023,1
dbPV8qA-Amc#_00024,1
dbPV8qA-Amc#_00025,1
dbPV8qA-Amc#_00026,0
dbPV8qA-Amc#_00027,0
dbPV8qA-Amc#_00028,0
dbPV8qA-Amc#_00029,0
dbPV8qA-Amc#_00030,0
dbPV8qA-Amc#_00031,1
dbPV8qA-Amc#_00032,1
dbPV8qA-Amc#_00033,1
dbPV8qA-Amc#_00034,0
dbPV8qA-Amc#_00035,0
dbPV8qA-Amc#_00036,0
dbPV8qA-Amc#_00037,0
dbPV8qA-Amc#_00038,0
dbPV8qA-Amc#_00039,0
dbPV8qA-Amc#_00040,0
dbPV8qA-Amc#_00041,0
dbPV8qA-Amc#_00042,1
dbPV8qA-Amc#_00043,1
dbPV8qA-Amc#_00044,1
dbPV8qA-Amc#_00045,1
dbPV8qA-Amc#_00046,1
dbPV8qA-Amc#_00047,1
dbPV8qA-Amc#_00048,1
dbPV8qA-Amc#_00049,1
dbPV8qA-Amc#_00050,1
dbPV8qA-Amc#_00051,1
dbPV8qA-Amc#_00052,1
dbPV8qA-Amc#_00053,0
dbPV8qA-Amc#_00054,1
e0kYiSGqwkI#_00001,1
e0kYiSGqwkI#_00002,1
e0kYiSGqwkI#_00003,1
e0kYiSGqwkI#_00004,1
e0kYiSGqwkI#_00005,1
e0kYiSGqwkI#_00006,1
e0kYiSGqwkI#_00007,1
e0kYiSGqwkI#_00008,1
e0kYiSGqwkI#_00009,1
e0kYiSGqwkI#_00010,1
e0kYiSGqwkI#_00011,1
e0kYiSGqwkI#_00012,0
e0kYiSGqwkI#_00013,0
e0kYiSGqwkI#_00014,0
e0kYiSGqwkI#_00015,0
e0kYiSGqwkI#_00016,0
e0kYiSGqwkI#_00017,0
e0kYiSGqwkI#_00018,0
e0kYiSGqwkI#_00019,0
e0kYiSGqwkI#_00020,0
e0kYiSGqwkI#_00021,0
e0kYiSGqwkI#_00022,0
e0kYiSGqwkI#_00023,0
e0kYiSGqwkI#_00024,0
e0kYiSGqwkI#_00025,0
e0kYiSGqwkI#_00026,0
e0kYiSGqwkI#_00027,0
e0kYiSGqwkI#_00028,1
e0kYiSGqwkI#_00029,1
e0kYiSGqwkI#_00030,0
e0kYiSGqwkI#_00031,0
e0kYiSGqwkI#_00032,0
e0kYiSGqwkI#_00033,0
e0kYiSGqwkI#_00034,0
e0kYiSGqwkI#_00035,0
e0kYiSGqwkI#_00036,0
e0kYiSGqwkI#_00037,0
e0kYiSGqwkI#_00038,0
e0kYiSGqwkI#_00039,0
e0kYiSGqwkI#_00040,0
e0kYiSGqwkI#_00041,0
e0kYiSGqwkI#_00042,0
e0kYiSGqwkI#_00043,0
e0kYiSGqwkI#_00044,0
e0kYiSGqwkI#_00045,0
e0kYiSGqwkI#_00046,1
e0kYiSGqwkI#_00047,1
e0kYiSGqwkI#_00048,1
e0kYiSGqwkI#_00049,1
e0kYiSGqwkI#_00050,1
e0kYiSGqwkI#_00051,1
e0kYiSGqwkI#_00052,1
e0kYiSGqwkI#_00053,1
e0kYiSGqwkI#_00054,1
e0kYiSGqwkI#_00055,1
e0kYiSGqwkI#_00056,1
e0kYiSGqwkI#_00057,1
e0kYiSGqwkI#_00058,1
e0kYiSGqwkI#_00059,1
e0kYiSGqwkI#_00060,0
e0kYiSGqwkI#_00061,1
ERtUPd19z1M#_00001,1
ERtUPd19z1M#_00002,1
ERtUPd19z1M#_00003,1
ERtUPd19z1M#_00004,1
ERtUPd19z1M#_00005,1
ERtUPd19z1M#_00006,1
ERtUPd19z1M#_00007,1
ERtUPd19z1M#_00008,0
ERtUPd19z1M#_00009,0
ERtUPd19z1M#_00010,0
ERtUPd19z1M#_00011,0
ERtUPd19z1M#_00012,0
ERtUPd19z1M#_00013,0
ERtUPd19z1M#_00014,0
ERtUPd19z1M#_00015,0
ERtUPd19z1M#_00016,0
ERtUPd19z1M#_00017,0
ERtUPd19z1M#_00018,1
ERtUPd19z1M#_00019,1
ERtUPd19z1M#_00020,0
ERtUPd19z1M#_00021,0
ERtUPd19z1M#_00022,0
ERtUPd19z1M#_00023,0
ERtUPd19z1M#_00024,0
ERtUPd19z1M#_00025,0
ERtUPd19z1M#_00026,0
ERtUPd19z1M#_00027,0
ERtUPd19z1M#_00028,0
ERtUPd19z1M#_00029,0
ERtUPd19z1M#_00030,1
ERtUPd19z1M#_00031,1
ERtUPd19z1M#_00032,1
ERtUPd19z1M#_00033,1
ERtUPd19z1M#_00034,1
ERtUPd19z1M#_00035,1
ERtUPd19z1M#_00036,1
ERtUPd19z1M#_00037,1
ERtUPd19z1M#_00038,1
ERtUPd19z1M#_00039,1
ERtUPd19z1M#_00040,1
LJs-EvfIwLs#_00001,1
LJs-EvfIwLs#_00002,1
LJs-EvfIwLs#_00003,1
LJs-EvfIwLs#_00004,1
LJs-EvfIwLs#_00005,1
LJs-EvfIwLs#_00006,1
LJs-EvfIwLs#_00007,1
LJs-EvfIwLs#_00008,1
LJs-EvfIwLs#_00009,1
LJs-EvfIwLs#_00010,1
LJs-EvfIwLs#_00011,1
LJs-EvfIwLs#_00012,1
LJs-EvfIwLs#_00013,1
LJs-EvfIwLs#_00014,0
LJs-EvfIwLs#_00015,0
LJs-EvfIwLs#_00016,0
LJs-EvfIwLs#_00017,0
LJs-EvfIwLs#_00018,0
LJs-EvfIwLs#_00019,0
LJs-EvfIwLs#_00020,0
LJs-EvfIwLs#_00021,0
LJs-EvfIwLs#_00022,0
LJs-EvfIwLs#_00023,0
LJs-EvfIwLs#_00024,1
LJs-EvfIwLs#_00025,1
LJs-EvfIwLs#_00026,1
LJs-EvfIwLs#_00027,0
LJs-EvfIwLs#_00028,0
LJs-EvfIwLs#_00029,0
LJs-EvfIwLs#_00030,0
LJs-EvfIwLs#_00031,0
LJs-EvfIwLs#_00032,0
LJs-EvfIwLs#_00033,0
LJs-EvfIwLs#_00034,0
LJs-EvfIwLs#_00035,0
LJs-EvfIwLs#_00036,0
LJs-EvfIwLs#_00037,0
LJs-EvfIwLs#_00038,0
LJs-EvfIwLs#_00039,0
LJs-EvfIwLs#_00040,0
LJs-EvfIwLs#_00041,0
LJs-EvfIwLs#_00042,0
LJs-EvfIwLs#_00043,0
LJs-EvfIwLs#_00044,0
LJs-EvfIwLs#_00045,0
LJs-EvfIwLs#_00046,0
LJs-EvfIwLs#_00047,0
LJs-EvfIwLs#_00048,0
LJs-EvfIwLs#_00049,0
LJs-EvfIwLs#_00050,0
LJs-EvfIwLs#_00051,1
LJs-EvfIwLs#_00052,1
LJs-EvfIwLs#_00053,0
LJs-EvfIwLs#_00054,0
LJs-EvfIwLs#_00055,0
LJs-EvfIwLs#_00056,0
LJs-EvfIwLs#_00057,0
LJs-EvfIwLs#_00058,0
LJs-EvfIwLs#_00059,0
LJs-EvfIwLs#_00060,0
LJs-EvfIwLs#_00061,0
LJs-EvfIwLs#_00062,0
LJs-EvfIwLs#_00063,0
LJs-EvfIwLs#_00064,0
LJs-EvfIwLs#_00065,0
LJs-EvfIwLs#_00066,0
LJs-EvfIwLs#_00067,0
LJs-EvfIwLs#_00068,0
LJs-EvfIwLs#_00069,0
LJs-EvfIwLs#_00070,0
LJs-EvfIwLs#_00071,0
LJs-EvfIwLs#_00072,0
LJs-EvfIwLs#_00073,0
LJs-EvfIwLs#_00074,0
LJs-EvfIwLs#_00075,0
LJs-EvfIwLs#_00076,0
LJs-EvfIwLs#_00077,0
LJs-EvfIwLs#_00078,0
LJs-EvfIwLs#_00079,0
LJs-EvfIwLs#_00080,0
LJs-EvfIwLs#_00081,0
LJs-EvfIwLs#_00082,0
LJs-EvfIwLs#_00083,0
LJs-EvfIwLs#_00084,1
LJs-EvfIwLs#_00085,1
LJs-EvfIwLs#_00086,1
LJs-EvfIwLs#_00087,1
LJs-EvfIwLs#_00088,1
LJs-EvfIwLs#_00089,1
LJs-EvfIwLs#_00090,1
LJs-EvfIwLs#_00091,1
LJs-EvfIwLs#_00092,1
LJs-EvfIwLs#_00093,1
LJs-EvfIwLs#_00094,1
LJs-EvfIwLs#_00095,1
LJs-EvfIwLs#_00096,1
lVwS-nqg7KA#_00001,1
lVwS-nqg7KA#_00002,1
lVwS-nqg7KA#_00003,1
lVwS-nqg7KA#_00004,1
lVwS-nqg7KA#_00005,1
lVwS-nqg7KA#_00006,1
lVwS-nqg7KA#_00007,1
lVwS-nqg7KA#_00008,1
lVwS-nqg7KA#_00009,0
lVwS-nqg7KA#_00010,0
lVwS-nqg7KA#_00011,0
lVwS-nqg7KA#_00012,0
lVwS-nqg7KA#_00013,0
lVwS-nqg7KA#_00014,0
lVwS-nqg7KA#_00015,0
lVwS-nqg7KA#_00016,0
lVwS-nqg7KA#_00017,0
lVwS-nqg7KA#_00018,0
lVwS-nqg7KA#_00019,0
lVwS-nqg7KA#_00020,0
lVwS-nqg7KA#_00021,1
lVwS-nqg7KA#_00022,1
lVwS-nqg7KA#_00023,1
lVwS-nqg7KA#_00024,0
lVwS-nqg7KA#_00025,0
lVwS-nqg7KA#_00026,0
lVwS-nqg7KA#_00027,0
lVwS-nqg7KA#_00028,0
lVwS-nqg7KA#_00029,0
lVwS-nqg7KA#_00030,0
lVwS-nqg7KA#_00031,0
lVwS-nqg7KA#_00032,0
lVwS-nqg7KA#_00033,0
lVwS-nqg7KA#_00034,0
lVwS-nqg7KA#_00035,0
lVwS-nqg7KA#_00036,1
lVwS-nqg7KA#_00037,1
lVwS-nqg7KA#_00038,1
lVwS-nqg7KA#_00039,1
lVwS-nqg7KA#_00040,1
lVwS-nqg7KA#_00041,1
lVwS-nqg7KA#_00042,1
lVwS-nqg7KA#_00043,1
lVwS-nqg7KA#_00044,1
lVwS-nqg7KA#_00045,1
lVwS-nqg7KA#_00046,1
lVwS-nqg7KA#_00047,1
lVwS-nqg7KA#_00048,1
lVwS-nqg7KA#_00049,1
lVwS-nqg7KA#_00050,1
Na6dNjJyliY#_00001,0
Na6dNjJyliY#_00002,0
Na6dNjJyliY#_00003,0
Na6dNjJyliY#_00004,0
Na6dNjJyliY#_00005,0
Na6dNjJyliY#_00006,0
Na6dNjJyliY#_00007,0
Na6dNjJyliY#_00008,0
Na6dNjJyliY#_00009,0
Na6dNjJyliY#_00010,0
Na6dNjJyliY#_00011,0
Na6dNjJyliY#_00012,0
Na6dNjJyliY#_00013,0
Na6dNjJyliY#_00014,0
Na6dNjJyliY#_00015,0
Na6dNjJyliY#_00016,0
Na6dNjJyliY#_00017,0
Na6dNjJyliY#_00018,0
Na6dNjJyliY#_00019,0
Na6dNjJyliY#_00020,0
Na6dNjJyliY#_00021,0
Na6dNjJyliY#_00022,0
Na6dNjJyliY#_00023,0
Na6dNjJyliY#_00024,0
Na6dNjJyliY#_00025,0
Na6dNjJyliY#_00026,0
Na6dNjJyliY#_00027,0
Na6dNjJyliY#_00028,0
Na6dNjJyliY#_00029,0
qQMH4uKVYbU#_00001,1
qQMH4uKVYbU#_00002,1
qQMH4uKVYbU#_00003,1
qQMH4uKVYbU#_00004,1
qQMH4uKVYbU#_00005,1
qQMH4uKVYbU#_00006,1
qQMH4uKVYbU#_00007,1
qQMH4uKVYbU#_00008,1
qQMH4uKVYbU#_00009,1
qQMH4uKVYbU#_00010,1
qQMH4uKVYbU#_00011,1
qQMH4uKVYbU#_00012,1
qQMH4uKVYbU#_00013,1
qQMH4uKVYbU#_00014,1
qQMH4uKVYbU#_00015,1
qQMH4uKVYbU#_00016,1
qQMH4uKVYbU#_00017,1
qQMH4uKVYbU#_00018,1
qQMH4uKVYbU#_00019,1
qQMH4uKVYbU#_00020,1
qQMH4uKVYbU#_00021,1
qQMH4uKVYbU#_00022,1
qQMH4uKVYbU#_00023,1
qQMH4uKVYbU#_00024,1
qQMH4uKVYbU#_00025,1
qQMH4uKVYbU#_00026,1
qQMH4uKVYbU#_00027,1
qQMH4uKVYbU#_00028,1
qQMH4uKVYbU#_00029,1
qQMH4uKVYbU#_00030,1
qQMH4uKVYbU#_00031,1
qQMH4uKVYbU#_00032,1
qQMH4uKVYbU#_00033,1
qQMH4uKVYbU#_00034,1
qQMH4uKVYbU#_00035,1
qQMH4uKVYbU#_00036,1
qQMH4uKVYbU#_00037,1
qQMH4uKVYbU#_00038,1
qQMH4uKVYbU#_00039,1
qQMH4uKVYbU#_00040,1
qQMH4uKVYbU#_00041,0
qQMH4uKVYbU#_00042,0
qQMH4uKVYbU#_00043,0
qQMH4uKVYbU#_00044,0
qQMH4uKVYbU#_00045,0
qQMH4uKVYbU#_00046,0
qQMH4uKVYbU#_00047,0
qQMH4uKVYbU#_00048,0
qQMH4uKVYbU#_00049,0
qQMH4uKVYbU#_00050,0
qQMH4uKVYbU#_00051,0
qQMH4uKVYbU#_00052,0
qQMH4uKVYbU#_00053,0
qQMH4uKVYbU#_00054,0
qQMH4uKVYbU#_00055,1
qQMH4uKVYbU#_00056,1
qQMH4uKVYbU#_00057,1
qQMH4uKVYbU#_00058,1
qQMH4uKVYbU#_00059,0
qQMH4uKVYbU#_00060,0
qQMH4uKVYbU#_00061,0
qQMH4uKVYbU#_00062,0
qQMH4uKVYbU#_00063,0
qQMH4uKVYbU#_00064,0
qQMH4uKVYbU#_00065,0
qQMH4uKVYbU#_00066,1
qQMH4uKVYbU#_00067,1
qQMH4uKVYbU#_00068,0
qQMH4uKVYbU#_00069,0
qQMH4uKVYbU#_00070,0
qQMH4uKVYbU#_00071,0
qQMH4uKVYbU#_00072,0
qQMH4uKVYbU#_00073,0
qQMH4uKVYbU#_00074,0
qQMH4uKVYbU#_00075,0
qQMH4uKVYbU#_00076,0
qQMH4uKVYbU#_00077,0
qQMH4uKVYbU#_00078,0
qQMH4uKVYbU#_00079,0
qQMH4uKVYbU#_00080,1
qQMH4uKVYbU#_00081,1
qQMH4uKVYbU#_00082,1
qQMH4uKVYbU#_00083,1
qQMH4uKVYbU#_00084,1
qQMH4uKVYbU#_00085,1
qQMH4uKVYbU#_00086,1
qQMH4uKVYbU#_00087,1
qQMH4uKVYbU#_00088,1
qQMH4uKVYbU#_00089,1
qQMH4uKVYbU#_00090,1
r7kBvoAHfDk#_00001,1
r7kBvoAHfDk#_00002,1
r7kBvoAHfDk#_00003,1
r7kBvoAHfDk#_00004,1
r7kBvoAHfDk#_00005,1
r7kBvoAHfDk#_00006,1
r7kBvoAHfDk#_00007,1
r7kBvoAHfDk#_00008,1
r7kBvoAHfDk#_00009,1
r7kBvoAHfDk#_00010,1
r7kBvoAHfDk#_00011,1
r7kBvoAHfDk#_00012,1
r7kBvoAHfDk#_00013,1
r7kBvoAHfDk#_00014,1
r7kBvoAHfDk#_00015,1
r7kBvoAHfDk#_00016,1
r7kBvoAHfDk#_00017,1
r7kBvoAHfDk#_00018,1
r7kBvoAHfDk#_00019,1
r7kBvoAHfDk#_00020,1
r7kBvoAHfDk#_00021,1
r7kBvoAHfDk#_00022,1
r7kBvoAHfDk#_00023,1
r7kBvoAHfDk#_00024,1
r7kBvoAHfDk#_00025,1
r7kBvoAHfDk#_00026,1
r7kBvoAHfDk#_00027,1
r7kBvoAHfDk#_00028,1
r7kBvoAHfDk#_00029,1
r7kBvoAHfDk#_00030,1
r7kBvoAHfDk#_00031,1
r7kBvoAHfDk#_00032,1
r7kBvoAHfDk#_00033,1
r7kBvoAHfDk#_00034,1
r7kBvoAHfDk#_00035,1
r7kBvoAHfDk#_00036,1
r7kBvoAHfDk#_00037,1
r7kBvoAHfDk#_00038,1
r7kBvoAHfDk#_00039,1
r7kBvoAHfDk#_00040,1
r7kBvoAHfDk#_00041,1
r7kBvoAHfDk#_00042,1
r7kBvoAHfDk#_00043,1
r7kBvoAHfDk#_00044,1
r7kBvoAHfDk#_00045,1
r7kBvoAHfDk#_00046,1
r7kBvoAHfDk#_00047,1
r7kBvoAHfDk#_00048,1
r7kBvoAHfDk#_00049,1
r7kBvoAHfDk#_00050,1
r7kBvoAHfDk#_00051,1
r7kBvoAHfDk#_00052,1
r7kBvoAHfDk#_00053,1
r7kBvoAHfDk#_00054,1
r7kBvoAHfDk#_00055,1
r7kBvoAHfDk#_00056,1
r7kBvoAHfDk#_00057,1
r7kBvoAHfDk#_00058,1
r7kBvoAHfDk#_00059,1
r7kBvoAHfDk#_00060,1
r7kBvoAHfDk#_00061,1
r7kBvoAHfDk#_00062,1
r7kBvoAHfDk#_00063,1
r7kBvoAHfDk#_00064,1
r7kBvoAHfDk#_00065,1
r7kBvoAHfDk#_00066,1
r7kBvoAHfDk#_00067,1
r7kBvoAHfDk#_00068,1
r7kBvoAHfDk#_00069,1
r7kBvoAHfDk#_00070,1
r7kBvoAHfDk#_00071,1
r7kBvoAHfDk#_00072,1
r7kBvoAHfDk#_00073,1
r7kBvoAHfDk#_00074,1
r7kBvoAHfDk#_00075,1
r7kBvoAHfDk#_00076,1
r7kBvoAHfDk#_00077,1
r7kBvoAHfDk#_00078,1
r7kBvoAHfDk#_00079,1
r7kBvoAHfDk#_00080,1
r7kBvoAHfDk#_00081,1
r7kBvoAHfDk#_00082,1
r7kBvoAHfDk#_00083,1
r7kBvoAHfDk#_00084,1
r7kBvoAHfDk#_00085,1
r7kBvoAHfDk#_00086,1
r7kBvoAHfDk#_00087,1
r7kBvoAHfDk#_00088,1
r7kBvoAHfDk#_00089,1
r7kBvoAHfDk#_00090,1
r7kBvoAHfDk#_00091,1
r7kBvoAHfDk#_00092,1
r7kBvoAHfDk#_00093,1
r7kBvoAHfDk#_00094,1
r7kBvoAHfDk#_00095,1
r7kBvoAHfDk#_00096,1
r7kBvoAHfDk#_00097,1
r7kBvoAHfDk#_00098,1
r7kBvoAHfDk#_00099,1
r7kBvoAHfDk#_00100,1
r7kBvoAHfDk#_00101,1
r7kBvoAHfDk#_00102,1
r7kBvoAHfDk#_00103,1
r7kBvoAHfDk#_00104,1
r7kBvoAHfDk#_00105,1
r7kBvoAHfDk#_00106,1
r7kBvoAHfDk#_00107,1
r7kBvoAHfDk#_00108,1
r7kBvoAHfDk#_00109,1
r7kBvoAHfDk#_00110,1
r7kBvoAHfDk#_00111,1
r7kBvoAHfDk#_00112,1
r7kBvoAHfDk#_00113,1
r7kBvoAHfDk#_00114,1
r7kBvoAHfDk#_00115,1
r7kBvoAHfDk#_00116,1
r7kBvoAHfDk#_00117,1
r7kBvoAHfDk#_00118,1
r7kBvoAHfDk#_00119,1
r7kBvoAHfDk#_00120,1
r7kBvoAHfDk#_00121,1
r7kBvoAHfDk#_00122,1
r7kBvoAHfDk#_00123,1
r7kBvoAHfDk#_00124,1
r7kBvoAHfDk#_00125,1
r7kBvoAHfDk#_00126,1
r7kBvoAHfDk#_00127,1
r7kBvoAHfDk#_00128,1
r7kBvoAHfDk#_00129,1
r7kBvoAHfDk#_00130,1
r7kBvoAHfDk#_00131,1
r7kBvoAHfDk#_00132,1
r7kBvoAHfDk#_00133,1
r7kBvoAHfDk#_00134,1
r7kBvoAHfDk#_00135,1
r7kBvoAHfDk#_00136,1
r7kBvoAHfDk#_00137,1
r7kBvoAHfDk#_00138,1
r7kBvoAHfDk#_00139,1
r7kBvoAHfDk#_00140,1
r7kBvoAHfDk#_00141,1
r7kBvoAHfDk#_00142,1
r7kBvoAHfDk#_00143,1
r7kBvoAHfDk#_00144,1
r7kBvoAHfDk#_00145,1
r7kBvoAHfDk#_00146,1
r7kBvoAHfDk#_00147,1
U2psRDuUKHQ#_00001,1
U2psRDuUKHQ#_00002,1
U2psRDuUKHQ#_00003,1
U2psRDuUKHQ#_00004,1
U2psRDuUKHQ#_00005,1
U2psRDuUKHQ#_00006,1
U2psRDuUKHQ#_00007,1
U2psRDuUKHQ#_00008,0
U2psRDuUKHQ#_00009,0
U2psRDuUKHQ#_00010,0
U2psRDuUKHQ#_00011,0
U2psRDuUKHQ#_00012,0
U2psRDuUKHQ#_00013,0
U2psRDuUKHQ#_00014,0
U2psRDuUKHQ#_00015,0
U2psRDuUKHQ#_00016,0
U2psRDuUKHQ#_00017,0
U2psRDuUKHQ#_00018,0
U2psRDuUKHQ#_00019,0
U2psRDuUKHQ#_00020,0
U2psRDuUKHQ#_00021,0
U2psRDuUKHQ#_00022,0
U2psRDuUKHQ#_00023,0
U2psRDuUKHQ#_00024,0
U2psRDuUKHQ#_00025,0
U2psRDuUKHQ#_00026,0
U2psRDuUKHQ#_00027,0
U2psRDuUKHQ#_00028,0
U2psRDuUKHQ#_00029,0
U2psRDuUKHQ#_00030,1
U2psRDuUKHQ#_00031,1
U2psRDuUKHQ#_00032,0
U2psRDuUKHQ#_00033,0
U2psRDuUKHQ#_00034,0
U2psRDuUKHQ#_00035,0
U2psRDuUKHQ#_00036,0
U2psRDuUKHQ#_00037,0
U2psRDuUKHQ#_00038,0
U2psRDuUKHQ#_00039,0
U2psRDuUKHQ#_00040,0
U2psRDuUKHQ#_00041,0
U2psRDuUKHQ#_00042,0
U2psRDuUKHQ#_00043,1
U2psRDuUKHQ#_00044,1
U2psRDuUKHQ#_00045,1
U2psRDuUKHQ#_00046,1
U2psRDuUKHQ#_00047,1
U2psRDuUKHQ#_00048,0
U2psRDuUKHQ#_00049,0
U2psRDuUKHQ#_00050,0
U2psRDuUKHQ#_00051,0
U2psRDuUKHQ#_00052,0
U2psRDuUKHQ#_00053,0
U2psRDuUKHQ#_00054,1
U2psRDuUKHQ#_00055,1
U2psRDuUKHQ#_00056,1
U2psRDuUKHQ#_00057,1
U2psRDuUKHQ#_00058,1
U2psRDuUKHQ#_00059,1
U2psRDuUKHQ#_00060,1
U2psRDuUKHQ#_00061,1
U2psRDuUKHQ#_00062,1
U2psRDuUKHQ#_00063,1
U2psRDuUKHQ#_00064,1
U2psRDuUKHQ#_00065,0
U2psRDuUKHQ#_00066,1
WQnZW5bVx3w#_00001,1
WQnZW5bVx3w#_00002,1
WQnZW5bVx3w#_00003,1
WQnZW5bVx3w#_00004,1
WQnZW5bVx3w#_00005,1
WQnZW5bVx3w#_00006,1
WQnZW5bVx3w#_00007,1
WQnZW5bVx3w#_00008,1
WQnZW5bVx3w#_00009,1
WQnZW5bVx3w#_00010,1
WQnZW5bVx3w#_00011,1
WQnZW5bVx3w#_00012,1
WQnZW5bVx3w#_00013,1
WQnZW5bVx3w#_00014,1
WQnZW5bVx3w#_00015,1
WQnZW5bVx3w#_00016,1
WQnZW5bVx3w#_00017,0
WQnZW5bVx3w#_00018,0
WQnZW5bVx3w#_00019,0
WQnZW5bVx3w#_00020,0
WQnZW5bVx3w#_00021,0
WQnZW5bVx3w#_00022,0
WQnZW5bVx3w#_00023,0
WQnZW5bVx3w#_00024,0
WQnZW5bVx3w#_00025,0
WQnZW5bVx3w#_00026,0
WQnZW5bVx3w#_00027,1
WQnZW5bVx3w#_00028,1
WQnZW5bVx3w#_00029,1
WQnZW5bVx3w#_00030,1
WQnZW5bVx3w#_00031,1
WQnZW5bVx3w#_00032,0
WQnZW5bVx3w#_00033,0
WQnZW5bVx3w#_00034,0
WQnZW5bVx3w#_00035,0
WQnZW5bVx3w#_00036,0
WQnZW5bVx3w#_00037,0
WQnZW5bVx3w#_00038,0
WQnZW5bVx3w#_00039,1
WQnZW5bVx3w#_00040,1
WQnZW5bVx3w#_00041,1
WQnZW5bVx3w#_00042,1
WQnZW5bVx3w#_00043,0
WQnZW5bVx3w#_00044,0
WQnZW5bVx3w#_00045,0
WQnZW5bVx3w#_00046,0
WQnZW5bVx3w#_00047,0
WQnZW5bVx3w#_00048,0
WQnZW5bVx3w#_00049,0
WQnZW5bVx3w#_00050,0
WQnZW5bVx3w#_00051,0
WQnZW5bVx3w#_00052,0
WQnZW5bVx3w#_00053,0
WQnZW5bVx3w#_00054,0
WQnZW5bVx3w#_00055,0
WQnZW5bVx3w#_00056,0
WQnZW5bVx3w#_00057,0
WQnZW5bVx3w#_00058,1
WQnZW5bVx3w#_00059,1
WQnZW5bVx3w#_00060,1
WQnZW5bVx3w#_00061,1
WQnZW5bVx3w#_00062,1
WQnZW5bVx3w#_00063,1
WQnZW5bVx3w#_00064,1
WQnZW5bVx3w#_00065,1
WQnZW5bVx3w#_00066,1
WQnZW5bVx3w#_00067,1
WQnZW5bVx3w#_00068,1
XAu348dOv8Y#_00001,1
XAu348dOv8Y#_00002,1
XAu348dOv8Y#_00003,1
XAu348dOv8Y#_00004,1
XAu348dOv8Y#_00005,1
XAu348dOv8Y#_00006,1
XAu348dOv8Y#_00007,1
XAu348dOv8Y#_00008,1
XAu348dOv8Y#_00009,1
XAu348dOv8Y#_00010,1
XAu348dOv8Y#_00011,1
XAu348dOv8Y#_00012,1
XAu348dOv8Y#_00013,1
XAu348dOv8Y#_00014,1
XAu348dOv8Y#_00015,1
XAu348dOv8Y#_00016,1
XAu348dOv8Y#_00017,1
XAu348dOv8Y#_00018,1
XAu348dOv8Y#_00019,1
XAu348dOv8Y#_00020,1
XAu348dOv8Y#_00021,1
XAu348dOv8Y#_00022,1
XAu348dOv8Y#_00023,1
XAu348dOv8Y#_00024,1
XAu348dOv8Y#_00025,1
XAu348dOv8Y#_00026,1
XAu348dOv8Y#_00027,1
XAu348dOv8Y#_00028,1
XAu348dOv8Y#_00029,1
XAu348dOv8Y#_00030,1
XAu348dOv8Y#_00031,1
XAu348dOv8Y#_00032,1
XAu348dOv8Y#_00033,1
XAu348dOv8Y#_00034,1
XAu348dOv8Y#_00035,1
XAu348dOv8Y#_00036,1
XAu348dOv8Y#_00037,1
XAu348dOv8Y#_00038,1
XAu348dOv8Y#_00039,1
XAu348dOv8Y#_00040,1
XAu348dOv8Y#_00041,1
XAu348dOv8Y#_00042,1
XAu348dOv8Y#_00043,1
XAu348dOv8Y#_00044,1
XAu348dOv8Y#_00045,1
XAu348dOv8Y#_00046,1
XAu348dOv8Y#_00047,1
XAu348dOv8Y#_00048,1
XAu348dOv8Y#_00049,1
XAu348dOv8Y#_00050,1
XAu348dOv8Y#_00051,1
XAu348dOv8Y#_00052,1
XAu348dOv8Y#_00053,1
yaMx8Ig2hdA#_00001,1
yaMx8Ig2hdA#_00002,1
yaMx8Ig2hdA#_00003,1
yaMx8Ig2hdA#_00004,1
yaMx8Ig2hdA#_00005,1
yaMx8Ig2hdA#_00006,1
yaMx8Ig2hdA#_00007,1
yaMx8Ig2hdA#_00008,1
yaMx8Ig2hdA#_00009,1
yaMx8Ig2hdA#_00010,1
yaMx8Ig2hdA#_00011,1
yaMx8Ig2hdA#_00012,1
yaMx8Ig2hdA#_00013,1
yaMx8Ig2hdA#_00014,1
yaMx8Ig2hdA#_00015,1
yaMx8Ig2hdA#_00016,1
yaMx8Ig2hdA#_00017,1
yaMx8Ig2hdA#_00018,0
yaMx8Ig2hdA#_00019,0
yaMx8Ig2hdA#_00020,0
yaMx8Ig2hdA#_00021,0
yaMx8Ig2hdA#_00022,0
yaMx8Ig2hdA#_00023,0
yaMx8Ig2hdA#_00024,0
yaMx8Ig2hdA#_00025,0
yaMx8Ig2hdA#_00026,1
yaMx8Ig2hdA#_00027,1
yaMx8Ig2hdA#_00028,0
yaMx8Ig2hdA#_00029,0
yaMx8Ig2hdA#_00030,0
yaMx8Ig2hdA#_00031,0
yaMx8Ig2hdA#_00032,0
yaMx8Ig2hdA#_00033,0
yaMx8Ig2hdA#_00034,0
yaMx8Ig2hdA#_00035,0
yaMx8Ig2hdA#_00036,0
yaMx8Ig2hdA#_00037,0
yaMx8Ig2hdA#_00038,0
yaMx8Ig2hdA#_00039,0
yaMx8Ig2hdA#_00040,0
yaMx8Ig2hdA#_00041,0
yaMx8Ig2hdA#_00042,0
yaMx8Ig2hdA#_00043,0
yaMx8Ig2hdA#_00044,0
yaMx8Ig2hdA#_00045,0
yaMx8Ig2hdA#_00046,0
yaMx8Ig2hdA#_00047,1
yaMx8Ig2hdA#_00048,0
yaMx8Ig2hdA#_00049,0
yaMx8Ig2hdA#_00050,0
yaMx8Ig2hdA#_00051,0
yaMx8Ig2hdA#_00052,0
yaMx8Ig2hdA#_00053,0
yaMx8Ig2hdA#_00054,0
yaMx8Ig2hdA#_00055,0
yaMx8Ig2hdA#_00056,0
yaMx8Ig2hdA#_00057,0
yaMx8Ig2hdA#_00058,0
yaMx8Ig2hdA#_00059,0
yaMx8Ig2hdA#_00060,0
yaMx8Ig2hdA#_00061,0
yaMx8Ig2hdA#_00062,1
yaMx8Ig2hdA#_00063,1
yaMx8Ig2hdA#_00064,1
yaMx8Ig2hdA#_00065,1
yaMx8Ig2hdA#_00066,1
yaMx8Ig2hdA#_00067,1
yaMx8Ig2hdA#_00068,1
yaMx8Ig2hdA#_00069,1
yaMx8Ig2hdA#_00070,1
yaMx8Ig2hdA#_00071,1
yaMx8Ig2hdA#_00072,1
yaMx8Ig2hdA#_00073,1
yaMx8Ig2hdA#_00074,1
yaMx8Ig2hdA#_00075,1
yaMx8Ig2hdA#_00076,1
yaMx8Ig2hdA#_00077,1
yaMx8Ig2hdA#_00078,1
yaMx8Ig2hdA#_00079,1
